ID,Тип,марка,вид,Страна,форма,Оборот,Иерархия1,Иерархия2,Иерархия3,Иерархия4,Иерархия5,,,,
1,Заведение,Сaves da cerveja,Ресторан-пивоварня,Португалия,Круг,Да,-,,,,,,,,
2,Заведение,-,-,Беларусь,Круг,Нет,-,,,,,,,,
3,Заведение,Корс,Ресторан-пивоварня,Россия,Круг,Нет,-,,,,,,,,
4,Пиво,Kukko,Pilsner,Финляндия,Круг,Да,Lager,Pilsner,,,,,,,
5,Пиво,Lāčplēsis Dzīvs,Kellerbier,Латвия,Круг,Да,Lager,German lager,Kellerbier,,,,,,
6,Заведение,München,Пивоварня,Германия,Круг,Нет,-,,,,,,,,
7,Пиво,Heineken,Lager,Голландия,Круг,Да,Lager,,,,,,,,
8,Пиво,Wells Bombardier,English Bitter,Англия,Круг,Нет,Ale,Pale Ale,English Pale Ale/Bitter,,,,,,
9,Пиво,Heineken,Lager,Голландия,Круг,Да,Lager,,,,,,,,
10,Заведение,Alpirsbacher Klosterbräu,Пивоварня,Германия,Круг,Нет,-,,,,,,,,
11,Пиво,Budweiser Budvar,Pilsner,Чехия,Круг,Да,Lager,Pilsner,,,,,,,
12,Заведение,The Bulldog,Паб,Голландия,Круг,Да,-,,,,,,,,
13,Пиво,Gösser NaturGold,Non-Alcoholic,Австрия,Круг,Да,-,,,,,,,,
14,Пиво,Sion Kölsch,Kölsch,Германия,Круг,Да,Lager,Kolsch,,,,,,,
15,Заведение,Augustiner-Bräu München,Пивоварня,Германия,Круг,Да,-,,,,,,,,
16,Пиво,Birzu Alaus Darykla 1686 Jubiliejinis Plus,Old Ale,Литва,Круг,Да,Ale,Pale Ale,Strong Pale Ale,Old Ale,,,,,
17,Пиво,Золотая Бочка Светлое,Lager,Россия,Круг,Нет,Lager,,,,,,,,
18,Заведение,Münhell,Пивоварня,Россия,Другое,Да,-,,,,,,,,
19,Виски,Teerenpeli,Single Malt,Финляндия,Квадрат,Да,-,,,,,,,,
20,Пиво,Carling Extra Cold,Lager,Англия,Квадрат,Да,Lager,,,,,,,,
21,Пиво,Krušovice,Много,Чехия,Квадрат,Да,-,,,,,,,,
22,Пиво,Krušovice,Много,Чехия,Квадрат,Да,-,,,,,,,,
23,Пиво,Gaffel Kölsch,Kölsch,Германия,Квадрат,Да,Lager,Kolsch,,,,,,,
24,Заведение,Poutník,Пивоварня,Чехия,Квадрат,Да,-,,,,,,,,
25,Пиво,Augustijn,Много,Бельгия,Квадрат,Да,-,,,,,,,,
26,Пиво,Бочкарев Светлое,Lager,Россия,Квадрат,Да,Lager,,,,,,,,
27,Пиво,Budweiser,Lager,США,Круг,Да,Lager,,,,,,,,
28,Пиво,Старый Мельник Светлое,Lager,Россия,Квадрат,Нет,Lager,,,,,,,,
29,Заведение,Rock Bottom,Пивоварня,США,Квадрат,Да,-,,,,,,,,
30,Заведение,Jedes Krugerl,Ресторан-пивоварня,Австрия,Квадрат,Нет,-,,,,,,,,
31,Заведение,AF Brew,Пивоварня,Россия,Круг,Нет,-,,,,,,,,
32,Пиво,Duchesse de Bourgogne,Flanders Red Ale,Бельгия,Круг,Нет,Ale,German Ale,Sour,Flanders Red Ale,,,,,
33,Заведение,Draft Republic,Ресторан-пивоварня,США,Круг,Нет,-,,,,,,,,
34,Пиво,Gordon,Много,Бельгия,Круг,Нет,-,,,,,,,,
35,Заведение,Craft,Магазин,Россия,Круг,Нет,-,,,,,,,,
36,Пиво,Lambic de Metropole,Lambic,Россия,Круг,Нет,Ale,Lambic,,,,,,,
37,Пиво,Amstel,Lager,Голландия,Круг,Нет,Lager,,,,,,,,
38,Заведение,Староместный пивовар,Ресторан-пивоварня,Беларусь,Круг,Нет,-,,,,,,,,
39,Пиво,Василеостровское,Lager,Россия,Круг,Нет,Lager,,,,,,,,
40,Заведение,Пивной Рай,Ресторан-пивоварня,Россия,Круг,Нет,-,,,,,,,,
41,Пиво,Pražský most,Pilsner,Чехия,Круг,Нет,Lager,Pilsner,,,,,,,
42,Заведение,Наbeerежная,Ресторан-пивоварня,Россия,Круг,Нет,-,,,,,,,,
43,Заведение,Градъ Петровъ,Ресторан-пивоварня,Россия,Круг,Нет,-,,,,,,,,
44,Заведение,Maxbier,Пивоварня,Россия,Круг,Нет,-,,,,,,,,
45,Заведение,Солод и Хмель,Ресторан-пивоварня,Россия,Круг,Нет,-,,,,,,,,
46,Заведение,Stargorod,Пивоварня,Украина,Круг,Нет,-,,,,,,,,
47,Заведение,Градское,Пивоварня,Беларусь,Круг,Нет,-,,,,,,,,
48,Заведение,Бровар,Ресторан-пивоварня,Россия,Круг,Нет,-,,,,,,,,
49,Пиво,Brune de Metropole,Brown Ale,Россия,Круг,Нет,Ale,Brown Ale,,,,,,,
50,Пиво,Blonder Beer,Lager,Россия,Круг,Нет,Lager,,,,,,,,
51,Пиво,Villacher,Pilsner,Австрия,Квадрат,Нет,Lager,Pilsner,,,,,,,
52,Заведение,1516 Brewing Company,Пивоварня,Австрия,Квадрат,Нет,-,,,,,,,,
53,Пиво,Irlbacher Premium,Lager,Германия,Квадрат,Нет,Lager,,,,,,,,
54,Пиво,Grolsch,Pilsner,Голландия,Квадрат,Да,Lager,Pilsner,,,,,,,
55,Пиво,1664 Blanc,Witbier,Франция,Квадрат,Нет,Ale,Belgian/French Ale,Witbier,,,,,,
56,Сок,Postmann,-,Германия,Квадрат,Да,-,,,,,,,,
57,Пиво,Thier,Pilsner,Германия,Квадрат,Да,Lager,Pilsner,,,,,,,
58,Пиво,Zlatý Bažant,Pilsner,Словакия,Квадрат,Да,Lager,Pilsner,,,,,,,
59,Заведение,Irish Pubs,Паб,Голландия,Квадрат,Нет,-,,,,,,,,
60,Пиво,Beck's Vier,Pilsner,Германия,Квадрат,Да,Lager,Pilsner,,,,,,,
61,Заведение,HF FÉNIX,Отель,Португалия,Квадрат,Нет,-,,,,,,,,
62,Пиво,La Trappe Witte Trappist,Witbier,Голландия,Квадрат,Нет,Ale,Belgian/French Ale,Witbier,,,,,,
63,Пиво,Kriek,Lambic,Бельгия,Квадрат,Нет,Ale,Lambic,,,,,,,
64,Пиво,Duvel,Belgian Strong Pale Ale,Бельгия,Квадрат,Нет,Ale,Belgian/French Ale,Belgian Pale Ale,Belgian Strong Pale Ale,,,,,
65,Пиво,Alpen Bier,Witbier,Россия,Квадрат,Нет,Ale,Belgian/French Ale,Witbier,,,,,,
66,Пиво,Ename,Tripel,Бельгия,Квадрат,Нет,Ale,Belgian/French Ale,Belgian Strong Pale Ale,Tripel,,,,,
67,Заведение,МЕГАФЕСТ,Фестиваль,Россия,Ромб,Нет,-,,,,,,,,
68,Пиво,Grolsch,Pilsner,Голландия,Квадрат,Нет,Lager,Pilsner,,,,,,,
69,Чай,-,-,Китай,Квадрат,Нет,-,,,,,,,,
70,Заведение,Beerstein,Ресторан-пивоварня,Россия,Квадрат,Нет,-,,,,,,,,
71,Заведение,Северная привоварня,Пивоварня,Россия,Квадрат,Нет,-,,,,,,,,
72,Пиво,Adriaen Brouwer Dark Gold,Belgian Strong Dark Ale,Бельгия,Квадрат,Нет,Ale,Belgian/French Ale,Belgian Dark Ale,Belgian Strong Dark Ale,,,,,
73,Заведение,2 Берега,Ресторан,Россия,Квадрат,Нет,-,,,,,,,,
74,Заведение,2 Берега,Ресторан,Россия,Квадрат,Нет,-,,,,,,,,
75,Вино,-,-,США,Квадрат,Нет,-,,,,,,,,
76,Пиво,Delirium,Belgian Strong Pale Ale,Бельгия,Квадрат,Нет,Ale,Belgian/French Ale,Belgian Pale Ale,Belgian Strong Pale Ale,,,,,
77,Заведение,Knightberg,Пивоварня,Россия,Квадрат,Нет,-,,,,,,,,
78,Пиво,Bourgogne Des Flandres Brune/Bruin,Flanders Oud Bruin,Бельгия,Квадрат,Нет,Ale,German Ale,Sour,Flanders Brown Ale/Oud Bruin,,,,,
79,Заведение,Knightberg,Пивоварня,Россия,Квадрат,Нет,-,,,,,,,,
80,Заведение,Jaws Brewery,Пивоварня,Россия,Квадрат,Нет,-,,,,,,,,
81,Пиво,Murphy's Irish Red,Red Ale,Ирландия,Квадрат,Нет,Ale,Irish Ale,Red Ale,,,,,,
82,Пиво,Floreffe,Tripel,Бельгия,Квадрат,Нет,Ale,Belgian/French Ale,Belgian Strong Pale Ale,Tripel,,,,,
83,Заведение,Novoměstský pivovar,Пивоварня,Чехия,Квадрат,Нет,-,,,,,,,,
84,Пиво,Василеостровское,Lager,Россия,Квадрат,Нет,Lager,,,,,,,,
85,Пиво,Василеостровское,Lager,Россия,Квадрат,Да,Lager,,,,,,,,
86,Пиво,Bitburger,Pilsner,Германия,Ромб,Нет,Lager,Pilsner,,,,,,,
87,Пиво,Brinkhoff's No. 1,Pilsner,Германия,Квадрат,Нет,Lager,Pilsner,,,,,,,
88,Заведение,Betfair,Букмекер,Англия,Квадрат,Да,-,,,,,,,,
89,Пиво,Žatecký Gus,Pilsner,Россия,Квадрат,Да,Lager,Pilsner,,,,,,,
90,Пиво,IPA/Bitter,Много,Англия,Другое,Да,Ale,Pale Ale,,,,,,,
91,Заведение,Brew Dog,Пивоварня,Англия,Другое,Да,-,,,,,,,,
92,Заведение,The Queens Head,Ресторан,Англия,Круг,Да,-,,,,,,,,
93,Пиво,Murauer,Märzen,Австрия,Овал,Да,Lager,German Lager,Marzen,,,,,,
94,Пиво,Snowdonia Ale,English Bitter,Уэльс,Круг,Да,Ale,Pale Ale,English Pale Ale/Bitter,,,,,,
95,Заведение,Great Divide,Пивоварня,США,Круг,Да,-,,,,,,,,
96,Пиво,Weizenfeld,Pilsner,Россия,Круг,Да,Lager,Pilsner,,,,,,,
97,Заведение,Балтика,Ресторан-пивоварня,Россия,Круг,Нет,-,,,,,,,,
98,Заведение,AleSmith,Пивоварня,США,Круг,Да,-,,,,,,,,
99,Заведение,Paulaner,Пивоварня,Германия,Круг,Да,-,,,,,,,,
100,Заведение,Лидское Пиво,Пивоварня,Беларусь,Круг,Да,-,,,,,,,,
101,Заведение,Affligem Brouwerij,Пивоварня,Бельгия,Круг,Да,-,,,,,,,,
102,Пиво,Weihenstephaner Original,Helles,Германия,Круг,Да,Lager,German lager,Bock,Helles,,,,,
103,Пиво,Dom Kölsch,Kölsch,Германия,Круг,Да,Lager,Kolsch,,,,,,,
104,Ликёр,Southern Comfort,-,США,Квадрат,Нет,-,,,,,,,,
105,Пиво,Blanche de bruxelles,Witbier,Бельгия,Квадрат,Нет,Ale,Belgian/French Ale,Witbier,,,,,,
106,Пиво,Staropramen Granát,Lager,Чехия,Квадрат,Нет,Lager,,,,,,,,
107,Заведение,The fish market,Ресторан,Англия,Квадрат,Нет,-,,,,,,,,
108,Пиво,Spaten,Lager,Германия,Квадрат,Да,Lager,,,,,,,,
109,Пиво,Spaten,Lager,Германия,Квадрат,Да,Lager,,,,,,,,
110,Ром,Bacardi,Superior,Бермуды,Квадрат,Да,-,,,,,,,,
111,Пиво,Murphy's,Много,Ирландия,Квадрат,Да,-,,,,,,,,
112,Пиво,Rouge De Fleur,Fruit Beer,Россия,Круг,Нет,Ale,Lambic,Fruit,,,,,,
113,Заведение,Jack and Chan,Ресторан,Россия,Круг,Нет,-,,,,,,,,
114,Пиво,Iron Woods,Stout,Россия,Круг,Нет,Ale,Stout,,,,,,,
115,Пиво,Young's Double Chocolate Stout,Stout,Англия,Круг,Нет,Ale,Stout,,,,,,,
116,Заведение,Redrum,Бар,Россия,Круг,Нет,-,,,,,,,,
117,Пиво,Hobgoblin,Brown Ale,Англия,Квадрат,Да,Ale,Brown Ale,,,,,,,
118,Заведение,Fuller,Пивоварня,Англия,Квадрат,Да,-,,,,,,,,
119,Пиво,Жигули,Lager,Россия,Квадрат,Да,Lager,,,,,,,,
120,Пиво,Балтика 7,Lager,Россия,Квадрат,Да,Lager,,,,,,,,
121,Пиво,Kronenbourg 1664,Lager,Франция,Квадрат,Да,Lager,,,,,,,,
122,Пиво,Hell Hunt,Red Ale,Эстония,Квадрат,Да,Ale,Irish Ale,Red Ale,,,,,,
123,Пиво,Guinness,Stout,Ирландия,Квадрат,Да,Ale,Stout,,,,,,,
124,Пиво,Coors Light,Lager,США,Квадрат,Да,Lager,,,,,,,,
125,Пиво,Leffe,Много,Бельгия,Квадрат,Да,-,,,,,,,,
126,Пиво,Zlatý Bažant,Pilsner,Словакия,Квадрат,Да,Lager,Pilsner,,,,,,,
127,Пиво,Young's,Много,Англия,Квадрат,Да,Ale,Stout,,,,,,,
128,Чай,-,-,Россия,Квадрат,Да,-,,,,,Документ (статистика),,,
129,Пиво,SA,English Bitter,Уэльс,Квадрат,Да,Ale,Pale Ale,English Pale Ale/Bitter,,,,,,
130,Сидр,Fizz,Cider,Финляндия,Квадрат,Да,-,,,,,,,,
131,Пиво,Bowler IPA,India Pale Ale,Россия,Круг,Нет,Ale,Pale Ale,India Pale Ale,,,,,,
132,Пиво,Bowler Brilliant Ale,Pale Ale,Россия,Круг,Нет,Ale,Pale Ale,,,,,,,
133,Пиво,Estrella Damm,Lager,Испания,Круг,Да,Lager,,,,,,,,
134,Пиво,Estrella Damm,Lager,Испания,Круг,Да,Lager,,,,,,,,
135,Заведение,Zagovor Brewery,Пивоварня,Россия,Круг,Нет,-,,,,,,,,
136,Пиво,Bowler Brilliant Ale,Pale Ale,Россия,Круг,Да,Ale,Pale Ale,,,,,,,
137,Заведение,Василеостровская пивоварня,Пивоварня,Россия,Круг,Нет,-,,,,,,,,
138,Пиво,Pauwel Kwak,Belgian Strong Golden Ale,Бельгия,Квадрат,Да,Ale,Belgian/French Ale,Belgian Pale Ale,Belgian Strong Golden Ale,,,,,
139,Заведение,Belhaven Brewery,Пивоварня,Шотландия,Овал,Да,-,,,,,,,,
140,Заведение,New Belgium Brewing ,Пивоварня,США,Квадрат,Да,-,,,,,,,,
141,Пиво,Pauwel Kwak,Belgian Strong Golden Ale,Бельгия,Квадрат,Нет,Ale,Belgian/French Ale,Belgian Pale Ale,Belgian Strong Golden Ale,,,,,
142,Пиво,Jupiler,Lager,Бельгия,Другое,Нет,Lager,,,,,,,,
143,Пиво,Hoegaarden Blanche,Witbier,Бельгия,Шестигранник,Нет,Ale,Belgian/French Ale,Witbier,,,,,,
144,Заведение,Crazy Craft,Магазин,Россия,Круг,Нет,-,,,,,,,,
145,Пиво,Сибирская Корона,Lager,Россия,Другое,Нет,Lager,,,,,,,,
146,Пиво,Aecht PatzenHofer,Lager,Германия,Овал,Нет,Lager,,,,,,,,
147,Пиво,Krušovice,Lager,Чехия,Другое,Да,Lager,,,,,,,,
148,Пиво,Ruddles Best,English Bitter,Англия,Овал,Да,Ale,Pale Ale,English Pale Ale/Bitter,,,,,,
149,Заведение,Volfas Engelman,Пивоварня,Литва,Квадрат,Да,-,,,,,,,,
150,Пиво,Kronenbourg 1664,Lager,Франция,Другое,Да,Lager,,,,,,,,
151,Пиво,Kronenbourg 1664,Lager,Франция,Другое,Да,Lager,,,,,,,,
152,Пиво,Budweiser Budvar,Pilsner,Чехия,Другое,Да,Lager,Pilsner,,,,,,,
153,Пиво,Хамовники,Lager,Россия,Другое,Нет,Lager,,,,,,,,
154,Пиво,Hoegaarden,Witbier,Бельгия,Шестигранник,Да,Ale,Belgian/French Ale,Witbier,,,,,,
155,Пиво,Hoegaarden,Witbier,Бельгия,Шестигранник,Да,Ale,Belgian/French Ale,Witbier,,,,,,
156,Пиво,Hoegaarden,Witbier,Бельгия,Шестигранник,Да,Ale,Belgian/French Ale,Witbier,,,,,,
157,Пиво,Samuel Adams OctoberFest,Märzen,США,Другое,Да,Lager,German Lager,Marzen,,,,,,
158,Пиво,Erdinger Weißbier,Hefeweizen,Германия,Другое,Да,Ale,German Ale,Weissbier,Hefeweizen,,,,,
159,Заведение,Nakashita,Ресторан,Испания,Круг,Да,-,,,,,,,,
160,Пиво,Erdinger Weißbier,Hefeweizen,Германия,Другое,Да,Ale,German Ale,Weissbier,Hefeweizen,,,,,
161,Пиво,Erdinger Weißbier,Hefeweizen,Германия,Другое,Да,Ale,German Ale,Weissbier,Hefeweizen,,,,,
162,Пиво,Erdinger Weißbier,Hefeweizen,Германия,Другое,Да,Ale,German Ale,Weissbier,Hefeweizen,,,,,
163,Заведение,Карл и Фридрих,Ресторан-пивоварня,Россия,Другое,Да,-,,,,,,,,
164,Пиво,Foster's,Lager,Австралия,Другое,Да,Lager,,,,,,,,
165,Пиво,Foster's,Lager,Австралия,Другое,Да,Lager,,,,,,,,
166,Заведение,Juliusspital,Сервис-компания,Германия,Круг,Да,-,,,,,,,,
167,Пиво,Tuborg,Pilsner,Дания,Другое,Да,Lager,Pilsner,,,,,,,
168,Пиво,Holsten ,Pilsner,Германия,Другое,Да,Lager,Pilsner,,,,,,,
169,Пиво,Pilsner Urquell,Pilsner,Чехия,Другое,Да,Lager,Pilsner,,,,,,,
170,Пиво,Kronenbourg 1664 Blanc,Witbier,Франция,Другое,Да,Ale,Belgian/French Ale,Witbier,,,,,,
171,Пиво,Старый Мельник ,Lager,Россия,Другое,Да,Lager,,,,,,,,
172,Пиво,Allgäuer Büble Bier ,Märzen,Германия,Круг,Да,Lager,German Lager,Marzen,,,,,,
173,Пиво,Ярпиво ,Lager,Россия,Другое,Да,Lager,,,,,,,,
174,Пиво,Tuborg Green ,Lager,Швеция,Другое,Да,Lager,,,,,,,,
175,Пиво,London Pride,English Bitter,Англия,Другое,Да,Ale,Pale Ale,English Pale Ale/Bitter,,,,,,
176,Пиво,Krušovice,Lager,Чехия,Квадрат,Да,Lager,,,,,,,,
177,Пиво,London Porter,Porter,Англия,Другое,Да,Ale,Stout,,,,,,,
178,Пиво,Karhu,Lager,Финляндия,Другое,Да,Lager,,,,,,,,
179,Пиво,Spaten,Lager,Германия,Квадрат,Нет,Lager,,,,,,,,
180,Пиво,Spitfire Premium Kentish Ale,English Bitter,Англия,Квадрат,Нет,Ale,Pale Ale,English Pale Ale/Bitter,,,,,,
181,Пиво,Carlsberg,Lager,Дания,Квадрат,Нет,Lager,,,,,,,,
182,Пиво,Невское,Lager,Россия,Квадрат,Нет,Lager,,,,,,,,
183,Пиво,Veltins ,Pilsner,Германия,Квадрат,Нет,Lager,Pilsner,,,,,,,
184,Пиво,Spaten,Lager,Германия,Квадрат,Нет,Lager,,,,,,,,
185,Заведение,De bassus,Пивоварня,Россия,Квадрат,Нет,-,,,,,,,,
186,Пиво,Ichnusa,Lager,Италия,Квадрат,Нет,Lager,,,,,,,,
187,Пиво,Titje,Witbier,Бельгия,Квадрат,Нет,Ale,Belgian/French Ale,Witbier,,,,,,
188,Пиво,Roth,Pilsner,Германия,Квадрат,Нет,Lager,Pilsner,,,,,,,
189,Пиво,Karjala,Lager,Финляндия,Квадрат,Нет,Lager,,,,,,,,
190,Заведение,Pivovarský dům,Ресторан-пивоварня,Чехия,Квадрат,Нет,-,,,,,,,,
191,Сигареты,West,-,Россия,Квадрат,Нет,-,,,,,,,,
192,Чай,Lipton,-,Россия,Квадрат,Нет,-,,,,,,,,
193,Чай,Lipton,-,Россия,Квадрат,Нет,-,,,,,,,,
194,Пиво,Чувашский Ниндзя,Märzen,Россия,Квадрат,Нет,Lager,German Lager,Marzen,,,,,,
195,Пиво,Asahi,Lager,Япония,Квадрат,Нет,Lager,,,,,,,,
196,Пиво,Belhaven Black,Stout,Шотландия,Квадрат,Нет,Ale,Stout,,,,,,,
197,Пиво,Velvet,Lager,Чехия,Квадрат,Нет,Lager,,,,,,,,
198,Вермут,Martini,Вермут,Италия,Круг,Да,-,,,,,,,,
199,Пиво,Collin's Imperial Stout,Stout,Англия,Ромб,Нет,Ale,Stout,,,,,,,
200,Сок,Looza,Сок,Бельгия,Круг,Да,-,,,,,,,,
201,Пиво,Asahi,Lager,Япония,Квадрат,Нет,Lager,,,,,,,,
202,Сок,Looza,Сок,Бельгия,Круг,Да,-,,,,,,,,
203,Пиво,Lion Lager,Lager,Шри-Ланка,Квадрат,Нет,Lager,,,,,,,,
204,Заведение,Новый порт,Магазин,Россия,Квадрат,Нет,-,,,,,,,,
205,Заведение,Sophienkeller,Ресторан,Германия,Круг,Да,-,,,,,,,,
206,Заведение,BEERЖА,Ресторан,Беларусь,Квадрат,Нет,-,,,,,,,,
207,Чай,-,-,Греция,Квадрат,Нет,-,,,,,,,,
208,Чай,-,-,Греция,Квадрат,Нет,-,,,,,,,,
209,Заведение,СПбГПУ,-,Россия,Квадрат,Нет,-,,,,,,,,
210,Заведение,Спорт Бар,-,Россия,Квадрат,Нет,-,,,,,,,,
211,Виски,William Lawsons,-,Шотландия,Квадрат,Нет,-,,,,,,,,
212,Чай,-,-,Франция,Квадрат,Нет,-,,,,,,,,
213,Чай,-,-,Франция,Квадрат,Нет,-,,,,,,,,
214,Чай,-,-,Франция,Квадрат,Нет,-,,,,,,,,
215,Чай,-,-,Франция,Квадрат,Нет,-,,,,,,,,
216,Чай,-,-,Франция,Квадрат,Нет,-,,,,,,,,
217,Чай,-,-,Франция,Квадрат,Нет,-,,,,,,,,
218,Пиво,Budweiser Budvar,Pilsner,Чехия,Квадрат,Да,Lager,Pilsner,,,,,,,
219,Пиво,Budweiser Budvar,Pilsner,Чехия,Квадрат,Да,Lager,Pilsner,,,,,,,
220,Пиво,Budweiser Budvar,Pilsner,Чехия,Квадрат,Да,Lager,Pilsner,,,,,,,
221,Пиво,Budweiser Budvar,Pilsner,Чехия,Квадрат,Да,Lager,Pilsner,,,,,,,
222,Пиво,Budweiser Budvar,Pilsner,Чехия,Квадрат,Да,Lager,Pilsner,,,,,,,
223,Пиво,Budweiser Budvar,Pilsner,Чехия,Квадрат,Да,Lager,Pilsner,,,,,,,
224,Пиво,Carlsberg,Lager,Дания,Квадрат,Да,Lager,,,,,,,,
225,Пиво,Krušovice,Много,Чехия,Квадрат,Да,-,,,,,,,,
226,Пиво,Budweiser Budvar,Pilsner,Чехия,Квадрат,Да,Lager,Pilsner,,,,,,,
227,Пиво,Балтика 7,Lager,Россия,Квадрат,Да,Lager,,,,,,,,
228,Пиво,Budweiser Budvar,Pilsner,Чехия,Квадрат,Да,Lager,Pilsner,,,,,,,
229,Пиво,Budweiser Budvar,Pilsner,Чехия,Квадрат,Да,Lager,Pilsner,,,,,,,
230,Пиво,Невское,Lager,Россия,Квадрат,Да,Lager,,,,,,,,
231,Пиво,Невское,Lager,Россия,Квадрат,Да,Lager,,,,,,,,
232,Заведение,Funk haus,Ресторан,Германия,Квадрат,Да,-,,,,,,,,
233,Пиво,Holsten ,Pilsner,Германия,Квадрат,Да,Lager,Pilsner,,,,,,,
234,Пиво,Carlsberg,Lager,Дания,Квадрат,Да,Lager,,,,,,,,
235,Пиво,Zlatý Bažant,Pilsner,Словакия,Квадрат,Да,Lager,Pilsner,,,,,,,
236,Заведение,Балтика,Пивоварня,Россия,Ромб,Да,-,,,,,,,,
237,Пиво,Edelweiss,Weissbier,Австрия,Квадрат,Да,Ale,German Ale,Weissbier,,,,,,
238,Пиво,Guinness,Stout,Ирландия,Квадрат,Да,Ale,Stout,,,,,,,
239,Пиво,Lapin Kulta,Lager,Финляндия,Квадрат,Да,Lager,,,,,,,,
240,Пиво,Löwenbräu,Lager,Германия,Квадрат,Да,Lager,,,,,,,,
241,Пиво,Löwenbräu,Lager,Германия,Квадрат,Да,Lager,,,,,,,,
242,Пиво,Mönchshof,Lager,Германия,Квадрат,Да,Lager,,,,,,,,
243,Пиво,Bitburger,Pilsner,Германия,Квадрат,Да,Lager,Pilsner,,,,,,,
244,Пиво,Guinness,Stout,Ирландия,Квадрат,Да,Ale,Stout,,,,,,,
245,Пиво,Karjala,Lager,Финляндия,Квадрат,Да,Lager,,,,,,,,
246,Бурбон,Jim Beam,-,США,Квадрат,Да,-,,,,,,,,
247,Пиво,Primátor Světlý,Pilsner,Чехия,Квадрат,Да,Lager,Pilsner,,,,,,,
248,Пиво,Krombacher,Pilsner,Германия,Квадрат,Да,Lager,Pilsner,,,,,,,
249,Пиво,Harp Premium Lager,Lager,Ирландия,Квадрат,Да,Lager,,,,,,,,
250,Пиво,Foster's,Lager,Австралия,Квадрат,Да,Lager,,,,,,,,
251,Пиво,Krombacher,Pilsner,Германия,Квадрат,Да,Lager,Pilsner,,,,,,,
252,Пиво,Василеостровское,Lager,Россия,Квадрат,Да,Lager,,,,,,,,
253,Пиво,Clausthaler,Non-Alcoholic,Германия,Квадрат,Да,-,,,,,,,,
254,Пиво,Василеостровское,Lager,Россия,Квадрат,Да,Lager,,,,,,,,
255,Пиво,Bourgogne Des Flandres Brune/Bruin,Flanders Oud Bruin,Бельгия,Квадрат,Да,Ale,German Ale,Sour,Flanders Brown Ale/Oud Bruin,,,,,
256,Пиво,Smithwick's,Red Ale,Ирландия,Квадрат,Да,Ale,Irish Ale,Red Ale,,,,,,
257,Пиво,Leffe,Много,Бельгия,Квадрат,Нет,-,,,,,,,,
258,Заведение,Airbräu,Пивоварня,Германия,Квадрат,Да,-,,,,,,,,
259,Пиво,Wells Bombardier ,English Bitter,Англия,Квадрат,Да,Ale,Pale Ale,English Pale Ale/Bitter,,,,,,
260,Пиво,Pilsner Urquell,Pilsner,Чехия,Квадрат,Да,Lager,Pilsner,,,,,,,
261,Пиво,Krombacher,Pilsner,Германия,Квадрат,Да,Lager,Pilsner,,,,,,,
262,Пиво,Carling,Lager,Англия,Квадрат,Да,Lager,,,,,,,,
263,Пиво,Gaffel Kölsch,Kölsch,Германия,Квадрат,Да,Lager,Kolsch,,,,,,,
264,Заведение,Rock Bottom,Пивоварня,США,Квадрат,Да,-,,,,,,,,
265,Заведение,Rock Bottom,Пивоварня,США,Квадрат,Да,-,,,,,,,,
266,Сидр,Stassen Cider,Cider,Бельгия,Ромб,Да,-,,,,,,,,
267,Заведение,Belhaven Brewery,Пивоварня,Шотландия,Квадрат,Да,-,,,,,,,,
268,Заведение,Volfas Engelman,Пивоварня,Литва,Квадрат,Да,-,,,,,,,,
269,Пиво,Erdinger Weißbier,Hefeweizen,Германия,Другое,Да,Ale,German Ale,Weissbier,Hefeweizen,,,,,
270,Пиво,Tucher Helles Hefe Weizen,Hefeweizen,Германия,Квадрат,Да,Ale,German Ale,Weissbier,Hefeweizen,,,,,
271,Пиво,Балтика 8,Hefeweizen,Россия,Квадрат,Да,Ale,German Ale,Weissbier,Hefeweizen,,,,,
272,Лимонад,Schweppes,Лимонад,Швейцария,Квадрат,Нет,-,,,,,,,,
273,Пиво,Amstel,Lager,Голландия,Квадрат,Да,Lager,,,,,,,,
274,Пиво,Klášter,Pilsner,Чехия,Ромб,Да,Lager,Pilsner,,,,,,,
275,Пиво,Newcastle Brown Ale,Brown Ale,Англия,Квадрат,Да,Ale,Brown Ale,,,,,,,
276,Джин,Original GIN,Gin,Финляндия,Ромб,Да,-,,,,,,,,
277,Пиво,FranziskanerWeissbier,Hefeweizen,Германия,Квадрат,Да,Ale,German Ale,Weissbier,Hefeweizen,,,,,
278,Заведение,Belhaven Brewery,Пивоварня,Шотландия,Квадрат,Да,-,,,,,,,,
279,Пиво,Балтика 7,Lager,Россия,Квадрат,Да,Lager,,,,,,,,
280,Заведение,Cista trubka,Ресторан,Чехия,Ромб,Да,-,,,,,,,,
281,Пиво,Köstritzer Schwarzbier,Schwarzbier,Германия,Квадрат,Да,Lager,German lager,Schwarzbier,,,,,,
282,Пиво,San Miguel,Lager,Испания,Квадрат,Да,Lager,,,,,,,,
283,Пиво,König Pilsener,Pilsner,Германия,Квадрат,Да,Lager,Pilsner,,,,,,,
284,Заведение,St. Peter’s,Пивоварня,Англия,Квадрат,Да,-,,,,,,,,
285,Заведение,St. Peter’s,Пивоварня,Англия,Квадрат,Да,-,,,,,,,,
286,Пиво,Karlovec,Много,Чехия,Квадрат,Да,-,,,,,,,,
287,Заведение,Widmer Brothers Brewing,Ресторан-пивоварня,США,Квадрат,Нет,-,,,,,,,,
288,Пиво,Pilsner Urquell,Pilsner,Чехия,Квадрат,Да,Lager,Pilsner,,,,,,,
289,Пиво,Жигули,Lager,Россия,Квадрат,Да,Lager,,,,,,,,
290,Пиво,Pilsner Urquell,Pilsner,Чехия,Квадрат,Да,Lager,Pilsner,,,,,,,
291,Пиво,Pilsner Urquell,Pilsner,Чехия,Квадрат,Да,Lager,Pilsner,,,,,,,
292,Пиво,Berliner Kindl Jubiläums Pilsener,Pilsner,Германия,Квадрат,Да,Lager,Pilsner,,,,,,,
293,Заведение,Marathonbet,Букмекер,Англия,Квадрат,Да,-,,,,,,,,
294,Пиво,Berliner Kindl Jubiläums Pilsener,Pilsner,Германия,Квадрат,Да,Lager,Pilsner,,,,,,,
295,Пиво,Kozel ,Много,Чехия,Квадрат,Да,-,,,,,,,,
296,Пиво,McEwan's Scotch Ale,Scotch Ale,Англия,Квадрат,Да,Ale,Pale Ale,Strong Pale Ale,Scotch Ale,,,,,
297,Пиво,Kasteel,Много,Бельгия,Квадрат,Да,-,,,,,,,,
298,Пиво,Delirium Tremens,Belgian Strong Golden Ale,Бельгия,Квадрат,Да,Ale,Belgian/French Ale,Belgian Pale Ale,Belgian Strong Golden Ale,,,,,
299,Заведение,Koninklijke Brand Bierbrouwerij,Пивоварня,Голландия,Ромб,Нет,-,,,,,,,,
300,Пиво,LightSwitch Lager,Lager,США,Квадрат,Да,Lager,,,,,,,,
301,Пиво,Brewhouse Blonde,Kölsch,США,Квадрат,Да,Lager,Kolsch,,,,,,,
302,Пиво,BJ's PM Porter,Porter,США,Квадрат,Да,Ale,Stout,,,,,,,
303,Пиво,Harvest Hefeweizen,Hefeweizen,США,Квадрат,Да,Ale,German Ale,Weissbier,Hefeweizen,,,,,
304,Пиво,Jeremiah Red,Red Ale,США,Квадрат,Да,Ale,Irish Ale,Red Ale,,,,,,
305,Пиво,Tatonka Stout,Stout,США,Квадрат,Да,Ale,Stout,,,,,,,
306,Бурбон,Jim Beam,-,США,Квадрат,Да,-,,,,,,,,
307,Заведение,Галерея Х. О.,-,Россия,Квадрат,Да,-,,,,,,,,
308,Заведение,Вятич,Пивоварня,Россия,Квадрат,Да,-,,,,,,,,
309,Пиво,Hoegaarden,Witbier,Бельгия,Шестигранник,Да,Ale,Belgian/French Ale,Witbier,,,,,,
310,Пиво,Piranha Pale Ale,Pale Ale,США,Квадрат,Да,Ale,Pale Ale,,,,,,,
311,Пиво,Nutty Brewnette,Brown Ale,США,Квадрат,Да,Ale,Brown Ale,,,,,,,
312,Пиво,Duckstein Rotblondes Weizen,Hefeweizen,Германия,Круг,Нет,Ale,German Ale,Weissbier,Hefeweizen,,,,,
313,Пиво,König Pilsener,Pilsner,Германия,Круг,Нет,Lager,Pilsner,,,,,,,
314,Заведение,Schüttinger Gasthausbrauerei,Ресторан-пивоварня,Германия,Круг,Нет,-,,,,,,,,
315,Пиво,Heineken,Lager,Голландия,Круг,Нет,Lager,,,,,,,,
316,Пиво,Heineken,Lager,Голландия,Круг,Нет,Lager,,,,,,,,
317,Пиво,KEO,Lager,Греция,Круг,Нет,Lager,,,,,,,,
318,Пиво,Young's Double Chocolate Stout,Stout,Англия,Круг,Нет,Ale,Stout,,,,,,,
319,Пиво,Kirschbier,Fruit Beer,Россия,Круг,Нет,Ale,Lambic,Fruit,,,,,,
320,Пиво,Сибирская корона,Lager,Россия,Круг,Нет,Lager,,,,,,,,
321,Чай,Enerwood dream,-,Россия,Круг,Нет,-,,,,,,,,
322,Заведение,Korston,Отель,Россия,Круг,Нет,-,,,,,,,,
323,Заведение,Августин,Ресторан-пивоварня,Россия,Круг,Нет,-,,,,,,,,
324,Заведение,Августин,Ресторан-пивоварня,Россия,Круг,Нет,-,,,,,,,,
325,Заведение,Брянскпиво,Пивоварня,Россия,Круг,Нет,-,,,,,,,,
326,Пиво,Sion Kölsch,Kölsch,Германия,Квадрат,Да,Lager,Kolsch,,,,,,,
327,Пиво,Rouge de Bruxelles,Fruit Beer,Бельгия,Круг,Нет,Ale,Lambic,Fruit,,,,,,
328,Заведение,AF Brew,Пивоварня,Россия,Круг,Нет,-,,,,,,,,
329,Заведение,AF Brew,Пивоварня,Россия,Круг,Нет,-,,,,,,,,
330,Заведение,Бакунин,Пивоварня,Россия,Круг,Нет,-,,,,,,,,
331,Заведение,Счастье,Ресторан,Россия,Круг,Нет,-,,,,,,,,
332,Пиво,Holsten ,Pilsner,Германия,Овал,Нет,Lager,Pilsner,,,,,,,
333,Заведение,Бакунин,Пивоварня,Россия,Круг,Нет,-,,,,,,,,
334,Пиво,Der Nussknacker ,Stout,Россия,Круг,Нет,Ale,Stout,,,,,,,
335,Пиво,Alpen Bier,Witbier,Россия,Круг,Нет,Ale,Belgian/French Ale,Witbier,,,,,,
336,Заведение,Hacker-Pschorr,Пивоварня,Германия,Круг,Нет,-,,,,,,,,
337,Пиво,АЛФА,Lager,Греция,Круг,Нет,Lager,,,,,,,,
338,Пиво,Löwenbräu,Lager,Германия,Другое,Нет,Lager,,,,,,,,
339,Пиво,Gaffels Fassbrause Zitrone,Non-Alcoholic,Германия,Квадрат,Да,-,,,,,,,,
340,Заведение,Dunaparti matroz kocsma,Ресторан,Венгрия,Круг,Нет,-,,,,,,,,
341,Пиво,Stella Artois,Lager,Бельгия,Овал,Нет,Lager,,,,,,,,
342,Пиво,Bishops Finger,Extra Special,Англия,Овал,Нет,Ale,Pale Ale,English Pale Ale/Bitter,Extra Special/Strong Bitter,,,,,
343,Заведение,Victory Art Brew,Пивоварня,Россия,Другое,Нет,-,,,,,,,,
344,Пиво,Titanic Royal Stout,Stout,Англия,Круг,Нет,Ale,Stout,,,,,,,
345,Пиво,Leffe,Много,Бельгия,Круг,Нет,-,,,,,,,,
346,Пиво,Tennent's Super,Lager,Шотландия,Круг,Нет,Lager,,,,,,,,
347,Пиво,Ячменный колос,Lager,Россия,Круг,Нет,Lager,,,,,,,,
348,Пиво,Warsteiner Premium Verum,Pilsner,Германия,Круг,Нет,Lager,Pilsner,,,,,,,
349,Пиво,Fort Ross APA,Pale Ale,Россия,Круг,Нет,Ale,Pale Ale,,,,,,,
350,Пиво,Kozel ,Много,Чехия,Овал,Да,-,,,,,,,,
351,Пиво,Hagen,Lager,Россия,Круг,Да,Lager,,,,,,,,
352,Заведение,Timmermans,Пивоварня,Бельгия,Круг,Да,-,,,,,,,,
353,Виски,Ballantine's,-,Шотландия,Круг,Да,-,,,,,,,,
354,Пиво,Amstel,Lager,Голландия,Круг,Да,Lager,,,,,,,,
355,Пиво,Paulaner,Hefeweizen,Германия,Круг,Да,Ale,German Ale,Weissbier,Hefeweizen,,,,,
356,Пиво,Dooliner,Red Ale,Ирландия,Круг,Да,Ale,Irish Ale,Red Ale,,,,,,
357,Пиво,Friday Avenue American Lager,Lager,Россия,Круг,Да,Lager,,,,,,,,
358,Заведение,Country bar,Ресторан-пивоварня,Россия,Круг,Да,-,,,,,,,,
359,Пиво,Liebenweiss ,Hefeweizen,Германия,Круг,Да,Ale,German Ale,Weissbier,Hefeweizen,,,,,
360,Пиво,Erdinger Urweisse,Hefeweizen,Германия,Круг,Да,Ale,German Ale,Weissbier,Hefeweizen,,,,,
361,Пиво,Amstel,Lager,Голландия,Круг,Да,Lager,,,,,,,,
362,Пиво,Tripel Karmeliet,Tripel,Бельгия,Круг,Да,Ale,Belgian/French Ale,Belgian Strong Pale Ale,Tripel,,,,,
363,Заведение,Степан разин,Пивоварня,Россия,Круг,Да,-,,,,,,,,
364,Заведение,Darba tiesibas,Профсоюз,Латвия,Круг,Да,-,,,,,,,,
365,Заведение,Darba tiesibas,Профсоюз,Латвия,Круг,Да,-,,,,,,,,
366,Пиво,Guinness,Stout,Ирландия,Круг,Да,Ale,Stout,,,,,,,
367,Пиво,HopStorm IPA,India Pale Ale,США,Круг,Да,Ale,Pale Ale,India Pale Ale,,,,,,
368,Ром,Malibu,Ром,США,Круг,Да,-,,,,,,,,
369,Пиво,Grimbergen ,Belgian Dubbel,Бельгия,Круг,Да,Ale,Belgian/French Ale,Belgian Dark Ale,Belgian Strong Dark Ale,Dubbel,,,,
370,Заведение,Karl Strauss Brewing Company,Пивоварня,США,Круг,Да,-,,,,,,,,
371,Заведение,Islands,Ресторан,США,Круг,Да,-,,,,,,,,
372,Заведение,Jimmy's Famous American Tavern,Ресторан,США,Круг,Да,-,,,,,,,,
373,Заведение,Ballast point,Ресторан-пивоварня,США,Круг,Да,-,,,,,,,,
374,Заведение,Bayerische Staatsbrauerei Weihenstephan,Пивоварня,Германия,Круг,Да,-,,,,,,,,
375,Пиво,Sion Kölsch,Kölsch,Германия,Овал,Да,Lager,Kolsch,,,,,,,
376,Пиво,Zlatý Bažant,Pilsner,Словакия,Квадрат,Да,Lager,Pilsner,,,,,,,
377,Пиво,Warka ,Lager,Польша,Круг,Да,Lager,,,,,,,,
378,Пиво,Kozel ,Много,Чехия,Овал,Да,-,,,,,,,,
379,Пиво,Хамовники,Lager,Россия,Квадрат,Да,Lager,,,,,,,,
380,Пиво,Budweiser Budvar,Pilsner,Чехия,Квадрат,Да,Lager,Pilsner,,,,,,,
381,Пиво,Paulaner,Hefeweizen,Германия,Круг,Да,Ale,German Ale,Weissbier,Hefeweizen,,,,,
382,Пиво,Heineken,Lager,Голландия,Круг,Да,Lager,,,,,,,,
383,Пиво,Heineken,Lager,Голландия,Круг,Да,Lager,,,,,,,,
384,Пиво,Heineken,Lager,Голландия,Круг,Да,Lager,,,,,,,,
385,Пиво,Amstel,Lager,Голландия,Круг,Да,Lager,,,,,,,,
386,Пиво,Gambrinus Originál 10,Pilsner,Чехия,Круг,Да,Lager,Pilsner,,,,,,,
387,Пиво,Gambrinus Originál 10,Pilsner,Чехия,Круг,Да,Lager,Pilsner,,,,,,,
388,Пиво,Svyturys Originalusis,Lager,Литва,Круг,Да,Lager,,,,,,,,
389,Пиво,Velvet,Lager,Чехия,Круг,Да,Lager,,,,,,,,
390,Пиво,Балтика 8,Hefeweizen,Россия,Круг,Да,Ale,German Ale,Weissbier,Hefeweizen,,,,,
391,Пиво,Spaten,Lager,Германия,Квадрат,Да,Lager,,,,,,,,
392,Пиво,Heineken,Lager,Голландия,Круг,Да,Lager,,,,,,,,
393,Пиво,Stella Artois,Lager,Бельгия,Круг,Да,Lager,,,,,,,,
394,Пиво,Paulaner Hefe-Weißbier,Hefeweizen,Германия,Круг,Да,Ale,German Ale,Weissbier,Hefeweizen,,,,,
395,Пиво,Арсенальное,Malt Liquor,Россия,Круг,Да,Lager,American lager,American adjunct lager,Malt liquor,,,,,
396,Заведение,Балтика,Пивоварня,Россия,Круг,Да,-,,,,,,,,
397,Пиво,Cervena Selka Svetle,Pilsner,Россия,Круг,Да,Lager,Pilsner,,,,,,,
398,Пиво,Heineken,Lager,Голландия,Круг,Да,Lager,,,,,,,,
399,Пиво,Andechser,Lager,Германия,Круг,Да,Lager,,,,,,,,
400,Пиво,Tongerlo Blond,Blonde Ale,Бельгия,Квадрат,Да,Ale,Pale Ale,American Pale Ale,Blonde Ale,,,,,
401,Пиво,Арсенальное,Lager,Россия,Круг,Да,Lager,,,,,,,,
402,Пиво,König Ludwig Weissbier Hell,Hefeweizen,Германия,Овал,Да,Ale,German Ale,Weissbier,Hefeweizen,,,,,
403,Водка,Kremlovskaya vodka,Водка,Россия,Другое,Да,-,,,,,,,,
404,Заведение,Batemans,Пивоварня,Англия,Круг,Да,-,,,,,,,,
405,Пиво,Невское,Lager,Россия,Круг,Да,Lager,,,,,,,,
406,Лимонад,Coca-Cola,Лимонад,США,Квадрат,Да,-,,,,,,,,
407,Пиво,Очаково,Lager,Россия,Круг,Да,Lager,,,,,,,,
408,Пиво,Budweiser Budvar,Pilsner,Чехия,Круг,Да,Lager,Pilsner,,,,,,,
409,Пиво,Warsteiner Premium Verum,Pilsner,Германия,Круг,Да,Lager,Pilsner,,,,,,,
410,Пиво,Astérie Blanche,Witbier,Бельгия,Круг,Да,Ale,Belgian/French Ale,Witbier,,,,,,
411,Пиво,Svyturys Originalusis,Lager,Литва,Круг,Да,Lager,,,,,,,,
412,Заведение,Würzburger Hofbräu,Пивоварня,Германия,Круг,Да,-,,,,,,,,
413,Заведение,Балтика,Пивоварня,Россия,Круг,Да,-,,,,,,,,
414,Заведение,Stone Brewing,Пивоварня,США,Круг,Да,-,,,,,,,,
415,Заведение,-,-,Чехия,Круг,Да,-,,,,,,,,
416,Пиво,Bernard Sváteční Ležák,Pilsner,Чехия,Ромб,Да,Lager,Pilsner,,,,,,,
417,Пиво,Gaffel Kölsch,Kölsch,Германия,Квадрат,Да,Lager,Kolsch,,,,,,,
418,Пиво,Gaffel Kölsch,Kölsch,Германия,Квадрат,Да,Lager,Kolsch,,,,,,,
419,Пиво,Gaffel Kölsch,Kölsch,Германия,Квадрат,Да,Lager,Kolsch,,,,,,,
420,Пиво,Gaffel Kölsch,Kölsch,Германия,Квадрат,Да,Lager,Kolsch,,,,,,,
421,Пиво,Pilsner Urquell,Pilsner,Чехия,Квадрат,Да,Lager,Pilsner,,,,,,,
422,Пиво,Edelweiss,Hefeweizen,Австрия,Квадрат,Да,Ale,German Ale,Weissbier,Hefeweizen,,,,,
423,Пиво,Westmalle Trappist ,Belgian Dubbel,Бельгия,Квадрат,Да,Ale,Belgian/French Ale,Belgian Dark Ale,Belgian Strong Dark Ale,Dubbel,,,,
424,Пиво,Westmalle Trappist ,Belgian Dubbel,Бельгия,Квадрат,Да,Ale,Belgian/French Ale,Belgian Dark Ale,Belgian Strong Dark Ale,Dubbel,,,,
425,Пиво,Edelweiss Snowfresh,Hefeweizen,Австрия,Квадрат,Да,Ale,German Ale,Weissbier,Hefeweizen,,,,,
426,Пиво,Staropramen Premium ,Pilsner,Чехия,Другое,Да,Lager,Pilsner,,,,,,,
427,Заведение,Василеостровская пивоварня,Пивоварня,Россия,Круг,Нет,-,,,,,,,,
428,Заведение,Василеостровская пивоварня,Пивоварня,Россия,Круг,Нет,-,,,,,,,,
429,Заведение,Beer House,Ресторан,Эстония,Круг,Да,-,,,,,,,,
430,Заведение,Стирка 40°,Кафе,Россия,Круг,Да,-,,,,,,,,
431,Заведение,Valmiermuiža,Пивоварня,Латвия,Круг,Да,-,,,,,,,,
432,Заведение,Manneken Pis,Кафе,Россия,Круг,Да,-,,,,,,,,
433,Город,Tartu,Город,Эстония,Квадрат,Нет,-,,,,,,,,
434,Пиво,Delirium Noël,Winter Ale,Бельгия,Квадрат,Нет,Ale,Pale Ale,Strong Pale Ale,Winter Ale,,,,,
435,Пиво,La Guillotine,Belgian Strong Golden Ale,Бельгия,Квадрат,Нет,Ale,Belgian/French Ale,Belgian Pale Ale,Belgian Strong Golden Ale,,,,,
436,Заведение,Пивная карта,Бар-бутик,Россия,Круг,Да,-,,,,,,,,r
437,Заведение,UNESCO,Latvijas dargumi,Латвия,Круг,Да,-,,,,,,,,
438,Пиво,Grimbergen ,Belgian Dubbel,Бельгия,Квадрат,Да,Ale,Belgian/French Ale,Belgian Dark Ale,Belgian Strong Dark Ale,Dubbel,,,,
439,Пиво,Pilsner Urquell,Pilsner,Чехия,Квадрат,Да,Lager,Pilsner,,,,,,,
440,Пиво,Gouden Carolus Classic,Belgian Strong Dark Ale,Бельгия,Квадрат,Да,Ale,Belgian/French Ale,Belgian Dark Ale,Belgian Strong Dark Ale,,,,,
441,Заведение,Pieminister,Ресторан,Англия,Квадрат,Да,-,,,,,,,,
442,Пиво,Barbãr Bok,Bock,Бельгия,Шестигранник,Нет,Lager,German lager,Bock,,,,,,
443,Коктейль,Jager & beer,-,Армения,Другое,Да,-,,,,,,,,
444,Коктейль,-,Hahd-Crafted,США,Квадрат,Нет,-,,,,,,,,
445,Заведение,Peter's Brewhouse,Пивоварня,Латвия,Квадрат,Да,-,,,,,,,,
446,Пиво,Orval,Belgian Pale Ale,Бельгия,Квадрат,Нет,Ale,Belgian/French Ale,Belgian Pale Ale,,,,,,
447,Пиво,Kasteel Rouge,Fruit Beer,Бельгия,Квадрат,Нет,Ale,Lambic,Fruit,,,,,,
448,Пиво,La Chouffe,Belgian Strong Golden Ale,Бельгия,Квадрат,Нет,Ale,Belgian/French Ale,Belgian Pale Ale,Belgian Strong Golden Ale,,,,,
449,Пиво,Früli Strawberry Beer,Fruit Beer,Бельгия,Круг,Да,Ale,Lambic,Fruit,,,,,,
450,Пиво,Bacchus,Flanders Oud Bruin,Бельгия,Круг,Да,Ale,German Ale,Sour,Flanders Brown Ale/Oud Bruin,,,,,
451,Пиво,Kasteel Cuvée du Château,Belgian Quad,Бельгия,Квадрат,Нет,Ale,Belgian/French Ale,Belgian Dark Ale,Belgian Strong Dark Ale,Quardrupel,,,,
452,Пиво,Pauwel Kwak,Belgian Strong Golden Ale,Бельгия,Квадрат,Нет,Ale,Belgian/French Ale,Belgian Pale Ale,Belgian Strong Golden Ale,,,,,
453,Заведение,Mort Subite,Пивоварня,Бельгия,Квадрат,Да,-,,,,,,,,
454,Заведение,To Øl,Пивоварня,Дания,Круг,Да,-,,,,,,,,
455,Пиво,London Pride,English Bitter,Англия,Квадрат,Да,Ale,Pale Ale,English Pale Ale/Bitter,,,,,,
456,Заведение,13-й кран,Бар,Россия,Круг,Да,-,,,,,,,,
457,Пиво,Honey Dew,Belgian Strong Golden Ale,Англия,Квадрат,Да,Ale,Belgian/French Ale,Belgian Pale Ale,Belgian Strong Golden Ale,,,,,
458,Пиво,Guinness,Stout,Ирландия,Квадрат,Да,Ale,Stout,,,,,,,
459,Пиво,Guinness,Stout,Ирландия,Квадрат,Да,Ale,Stout,,,,,,,
460,Заведение,Bayerische Staatsbrauerei Weihenstephan,Пивоварня,Германия,Круг,Да,-,,,,,,,,
461,Пиво,Celebrator,Doppelbock,Германия,Круг,Да,Lager,German lager,Bock,Doppelbock,,,,,
462,Пиво,Warsteiner Premium Verum,Pilsner,Германия,Круг,Да,Lager,Pilsner,,,,,,,
463,Заведение,GAS Brew,Пивоварня,Россия,Круг,Нет,-,,,,,,,,
464,Пиво,Kilkenny,Red Ale,Ирландия,Квадрат,Да,Ale,Irish Ale,Red Ale,,,,,,
465,Заведение,Leningrad Bar,Бар,Россия,Круг,Нет,-,,,,,,,,
466,Заведение,Konix Brewery,Пивоварня,Россия,Круг,Нет,-,,,,,,,,
467,Город,Barcelona,Город,Испания,Квадрат,Нет,-,,,,,,,,
468,Пиво,Steenbrugge,Много,Бельгия,Квадрат,Нет,-,,,,,,,,
469,Пиво,Rodenbach Classic,Flanders Red Ale,Бельгия,Квадрат,Нет,Ale,German Ale,Sour,Flanders Red Ale,,,,,
470,Заведение,Konix Brewery,Пивоварня,Россия,Круг,Да,-,,,,,,,,
471,Заведение,St. Peter’s,Пивоварня,Англия,Квадрат,Да,-,,,,,,,,
472,Пиво,Intergalactic,Lager,Шотландия,Ромб,Да,Lager,,,,,,,,
473,Заведение,Mort Subite,Пивоварня,Бельгия,Квадрат,Да,-,,,,,,,,
474,Заведение,Mort Subite,Пивоварня,Бельгия,Квадрат,Да,-,,,,,,,,
475,Заведение,Budelse Brouwerij,Пивоварня,Голландия,Другое,Нет,-,,,,,,,,
476,Пиво,Petrus,Sour,Бельгия,Квадрат,Нет,Ale,German Ale,Sour,,,,,,
477,Пиво,Жигули,Lager,Россия,Квадрат,Да,Lager,,,,,,,,
478,Пиво,Weihenstephaner Original,Helles,Германия,Круг,Да,Lager,German lager,Bock,Helles,,,,,
479,Пиво,Quintine Blonde,Blonde Ale,Бельгия,Квадрат,Нет,Ale,Pale Ale,American Pale Ale,Blonde Ale,,,,,
480,Заведение,Бакунин,Пивоварня,Россия,Круг,Нет,-,,,,,,,,
481,Заведение,Mookhomor,Пивоварня,Россия,Круг,Нет,-,,,,,,,,
482,Заведение,Frank,Бар,Россия,Круг,Нет,-,,,,,,,,
483,Заведение,Breaking Bad,Бар-бутик,Россия,Круг,Нет,-,,,,,,,,
484,Пиво,Rouge De Fleur,Fruit Beer,Россия,Круг,Нет,Ale,Lambic,Fruit,,,,,,
485,Заведение,Breaking Bad,Бар-бутик,Россия,Круг,Нет,-,,,,,,,,
486,Заведение,AF Brew,Пивоварня,Россия,Круг,Нет,-,,,,,,,,
487,Заведение,AF Brew,Пивоварня,Россия,Круг,Нет,-,,,,,,,,
488,Пиво,Kronenbourg,Lager,Франция,Квадрат,Нет,Lager,,,,,,,,
489,Пиво,Heineken,Lager,Голландия,Круг,Да,Lager,,,,,,,,
490,Заведение,Bayerische Staatsbrauerei Weihenstephan,Пивоварня,Германия,Круг,Да,-,,,,,,,,
491,Пиво,Lapin Kulta,Lager,Финляндия,Квадрат,Да,Lager,,,,,,,,
492,Заведение,Jaws Brewery,Пивоварня,Россия,Другое,Да,-,,,,,,,,
493,Пиво,San Miguel,Lager,Испания,Квадрат,Да,Lager,,,,,,,,
494,Заведение,Belhaven Brewery,Пивоварня,Шотландия,Ромб,Да,-,,,,,,,,
495,Пиво,Bourgogne Des Flandres Brune/Bruin,Flanders Oud Bruin,Бельгия,Квадрат,Да,Ale,German Ale,Sour,Flanders Brown Ale/Oud Bruin,,,,,
496,Пиво,Carlsberg,Lager,Дания,Квадрат,Нет,Lager,,,,,,,,
497,Пиво,Beck's,German pilsner,Германия,Квадрат,Нет,Lager,Pilsner,German pilsner,,,,,,
498,Пиво,Guinness,Stout,Ирландия,Квадрат,Да,Ale,Stout,,,,,,,
499,Заведение,Kona brewing co,Ресторан-пивоварня,США,Круг,Да,-,,,,,,,,
500,Пиво,Mönchshof,Lager,Германия,Овал,Да,Lager,,,,,,,,
501,Заведение,Blackbird Bar,Бар,Россия,Круг,Нет,-,,,,,,,,
502,Заведение,Crazy Craft,Магазин,Россия,Круг,Нет,-,,,,,,,,
503,Пиво,Delirium Argentum,Belgian/French Ale,Бельгия,Квадрат,Нет,Ale,Belgian/French Ale,,,,,,,
504,Пиво,Kasteel Tripel,Tripel,Бельгия,Квадрат,Нет,Ale,Belgian/French Ale,Belgian Pale Ale,Belgian Strong Pale Ale,Tripel,,,,
505,Пиво,Kozel Nefiltrovaný,Kellerbier,Чехия,Квадрат,Да,Lager,German lager,Kellerbier,,,,,,
506,Заведение,Пiўзавод Алiварыя ,Пивоварня,Беларусь,Квадрат,Да,-,,,,,,,,
507,Заведение,Brew Dog,Пивоварня,Англия,Другое,Да,-,,,,,,,,
508,Заведение,Cooperative garage,Пиццерия,Россия,Ромб,Да,-,,,,,,,,
509,Заведение,Форно Браво,Пиццерия,Россия,Круг,Да,-,,,,,,,,
510,Заведение,Rogue,Пивоварня,США,Круг,Да,-,,,,,,,,
511,Заведение,Wooden beard,Пивоварня,Россия,Круг,Да,-,,,,,,,,
512,Пиво,Heineken,Lager,Голландия,Круг,Да,Lager,,,,,,,,
513,Заведение,Plzeňský prazdroj,Пивоварня,Чехия,Круг,Да,-,,,,,,,,
514,Заведение,Paulaner,Пивоварня,Германия,Круг,Да,-,,,,,,,,
515,Заведение,Brew division,Пивоварня,Россия,Круг,Нет,-,,,,,,,,
516,Пиво,Old Bobby Ale,Bitter,Россия,Круг,Да,Ale,Pale Ale,English Pale Ale/Bitter,,,,,,
517,Пиво,Pilsner Urquell,Pilsner,Чехия,Квадрат,Да,Lager,Pilsner,,,,,,,
518,Заведение,Pubnik,Бар,Россия,Круг,Нет,-,,,,,,,,
519,Заведение,Imbibe,Бар,Россия,Круг,Нет,-,,,,,,,,
520,Пиво,Astrolager,Pilsner,Россия,Круг,Нет,Lager,Pilsner,,,,,,,
521,Пиво,St. Louis Premium Kriek,Lambic,Бельгия,Другое,Нет,Ale,Lambic,,,,,,,
522,Пиво,Hoegaarden,Witbier,Бельгия,Шестигранник,Да,Ale,Belgian/French Ale,Witbier,,,,,,
523,Пиво,FranziskanerWeissbier,Hefeweizen,Германия,Квадрат,Да,Ale,German Ale,Weissbier,Hefeweizen,,,,,
524,Пиво,Bud,Lager,Россия,Квадрат,Да,Lager,,,,,,,,
525,Заведение,St Austell Brewery,Пивоварня,Англия,Квадрат,Да,-,,,,,,,,
526,Пиво,Tribute Cornish Pale Ale,English Pale Ale/Bitter,Англия,Квадрат,Да,Ale,Pale Ale,English Pale Ale/Bitter,,,,,,
527,Заведение,Zubr,Пивоварня,Чехия,Квадрат,Да,-,,,,,,,,
528,Пиво,O'Hara's Irish Stout,Irish Stout,Ирландия,Круг,Да,Ale,Stout/Porter,Irish Stout,,,,,,
529,Пиво,Хамовники,Lager,Россия,Квадрат,Да,Lager,,,,,,,,
530,Заведение,Thornbridge Brewery,Пивоварня,Англия,Квадрат,Да,-,,,,,,,,
531,Заведение,Breaking Bad,Бар-бутик,Россия,Квадрат,Нет,-,,,,,,,,
532,Заведение,Bolshoybar,Бар,Россия,Круг,Нет,-,,,,,,,,
533,Заведение,Jawsspot SPb,Бар-магазин,Россия,Круг,Нет,-,,,,,,,,
534,Джин,Bombay Sapphire,Джин,Англия,Круг,Да,-,,,,,,,,
535,Заведение,Василеостровская пивоварня,Пивоварня,Россия,Круг,Нет,-,,,,,,,,
536,Пиво,Duvel,Belgian Strong Pale Ale,Бельгия,Квадрат,Нет,Ale,Belgian/French Ale,Belgian Pale Ale,Belgian Strong Pale Ale,,,,,
537,Пиво,Carling,Lager,Англия,Квадрат,Да,Lager,,,,,,,,
538,Пиво,Kuursaali Blond,Lager,Эстония,Квадрат,Да,Lager,,,,,,,,
539,Пиво,Hoegaarden Wit - Blanche,Witbier,Бельгия,Шестигранник,Да,Ale,Belgian/French Ale,Witbier,,,,,,
540,Заведение,Mad Max,Бар,Россия,Круг,Нет,-,,,,,,,,
541,Пиво,Темерницкое,Lager,Россия,Круг,Нет,Lager,,,,,,,,
542,Пиво,Bintang Pilsener,Pilsner,Индонезия,Квадрат,Нет,Lager,Pilsner,,,,,,,
543,Пиво,Harp Premium Lager,Lager,Ирландия,Квадрат,Нет,Lager,,,,,,,,
544,Пиво,Sapporo Premium Beer,Lager,Япония,Квадрат,Нет,Lager,,,,,,,,
545,Заведение,Craft Beer Shop,Магазин,Россия,Квадрат,Нет,-,,,,,,,,
546,Заведение,John Gregor Old Pub,Паб,Россия,Круг,Нет,-,,,,,,,,
547,Заведение,Bayerische Staatsbrauerei Weihenstephan,Пивоварня,Германия,Круг,Да,-,,,,,,,,
548,Заведение,Breaking Bad,Бар-бутик,Россия,Круг,Нет,-,,,,,,,,
549,Заведение,Lestr Bar,Бар,Россия,Круг,Нет,-,,,,,,,,
550,Пиво,Grolsch,Pilsner,Голландия,Круг,Да,Lager,Pilsner,,,,,,,
551,Заведение,Mookhomor,Пивоварня,Россия,Круг,Нет,-,,,,,,,,
552,Заведение,Йохохо,Пивоварня,Россия,Круг,Нет,-,,,,,,,,
553,Заведение,Selfmade Brewery,Пивоварня,Россия,Квадрат,Да,-,,,,,,,,
554,Заведение,Kona brewing co,Ресторан-пивоварня,США,Круг,Да,-,,,,,,,,
555,Заведение,Гуси,Ресторан-пивоварня,Россия,Круг,Нет,-,,,,,,,,
556,Заведение,Barfüßer,Ресторан,Германия,Круг,Нет,-,,,,,,,,
557,Заведение,AF Brew,Пивоварня,Россия,Круг,Нет,-,,,,,,,,
558,Пиво,Bitter,English Bitter,Англия,Другое,Нет,Ale,Pale Ale,English Pale Ale/Bitter,,,,,,
559,Пиво,Kapuziner,Alcohol free,Германия,Другое,Нет,Alcohol free,,,,,,,,
560,Пиво,Landbier,Lager,Германия,Квадрат,Да,Lager,Pilsner,,,,,,,
561,Пиво,Litovel,Lager,Чехия,Квадрат,Да,Lager,Pilsner,,,,,,,
562,Ликёр,Jägermeister,Ликёр,Германия,Другое,Нет,-,,,,,,,,
563,Пиво,Bornem Dubbel,Belgian Dubbel,Бельгия,Квадрат,Да,Ale,Belgian/French Ale,Belgian Dark Ale,Belgian Strong Dark Ale,Dubbel,,,,
564,Пиво,Жигули,Lager,Россия,Квадрат,Да,Lager,,,,,,,,
565,Пиво,O'Hara's Irish Stout,Irish Stout,Ирландия,Круг,Да,Ale,Stout/Porter,Irish Stout,,,,,,
566,Заведение,Bar 76,Бар,Россия,Круг,Нет,-,,,,,,,,
567,Заведение,Keiler Bier,Пивоварня,Германия,Овал,Да,-,,,,,,,,
568,Чай,-,-,Россия,Круг,Да,-,,,,,,,,
569,Пиво,Fruitesse,Fruit Beer,Бельгия,Круг,Да,Ale,Lambic,Fruit,,,,,,
570,Пиво,Astrolager,Pilsner,Россия,Круг,Нет,Lager,Pilsner,,,,,,,
571,Заведение,Wooden beard,Пивоварня,Россия,Круг,Да,-,,,,,,,,
572,Заведение,Йохохо,Пивоварня,Россия,Круг,Нет,-,,,,,,,,
573,Заведение,Velka Morava,Пивоварня,Россия,Квадрат,Нет,-,,,,,,,,
574,Заведение,Velka Morava,Пивоварня,Россия,Квадрат,Нет,-,,,,,,,,
575,Пиво,Staropramen,Pilsner,Чехия,Квадрат,Нет,Lager,Pilsner,,,,,,,
576,Пиво,Staropramen,Pilsner,Чехия,Квадрат,Нет,Lager,Pilsner,,,,,,,
577,Пиво,Pilsner Urquell,Pilsner,Чехия,Квадрат,Да,Lager,Pilsner,,,,,,,
578,Пиво,Pilsner Urquell,Pilsner,Чехия,Квадрат,Да,Lager,Pilsner,,,,,,,
579,Пиво,Pilsner Urquell,Pilsner,Чехия,Квадрат,Да,Lager,Pilsner,,,,,,,
580,Пиво,Oldgott Barique,Lager,Чехия,Квадрат,Да,Lager,,,,,,,,
581,Пиво,Pilsner Urquell,Pilsner,Чехия,Квадрат,Да,Lager,Pilsner,,,,,,,
582,Пиво,Pilsner Urquell,Pilsner,Чехия,Квадрат,Да,Lager,Pilsner,,,,,,,
583,Пиво,Pilsner Urquell,Pilsner,Чехия,Квадрат,Да,Lager,Pilsner,,,,,,,
584,Пиво,Pilsner Urquell,Pilsner,Чехия,Квадрат,Да,Lager,Pilsner,,,,,,,
585,Пиво,Pilsner Urquell,Pilsner,Чехия,Квадрат,Да,Lager,Pilsner,,,,,,,
586,Пиво,Pilsner Urquell,Pilsner,Чехия,Квадрат,Да,Lager,Pilsner,,,,,,,
587,Заведение,Pivovar Klášter,Пивоварня,Чехия,Квадрат,Да,-,,,,,,,,
588,Пиво,Pilsner Urquell,Pilsner,Чехия,Квадрат,Да,Lager,Pilsner,,,,,,,
589,Пиво,Gambrinus Originál 10,Pilsner,Чехия,Квадрат,Да,Lager,Pilsner,,,,,,,
590,Заведение,Бар Баревич,Бар,Россия,Круг,Нет,-,,,,,,,,
591,Заведение,U Sedleru,Ресторан,Чехия,Круг,Нет,-,,,,,,,,
592,Заведение,Бамбук,Суши-бар,Россия,Круг,Нет,-,,,,,,,,
593,Заведение,Чердак,Кафе,Россия,Круг,Нет,-,,,,,,,,
594,Заведение,Made in china,Ресторан,Россия,Круг,Нет,-,,,,,,,,
595,Заведение,Top hops,Бар,Россия,Круг,Нет,-,,,,,,,,
596,Заведение,Bar 76,Бар,Россия,Круг,Нет,-,,,,,,,,
597,Пиво,Kozel Světlý,Pilsner,Чехия,Овал,Да,Lager,Pilsner,,,,,,,
598,Пиво,Kozel Světlý,Pilsner,Чехия,Овал,Да,Lager,Pilsner,,,,,,,
599,Пиво,Kozel Světlý,Pilsner,Чехия,Овал,Да,Lager,Pilsner,,,,,,,
600,Заведение,fiskarsin panimo,Бар-магазин,Финляндия,Другое,Да,-,,,,,,,,
601,Пиво,Staropramen,Pilsner,Чехия,Круг,Да,Lager,Pilsner,,,,,,,
602,Пиво,Staropramen,Pilsner,Чехия,Круг,Да,Lager,Pilsner,,,,,,,
603,Пиво,Staropramen,Pilsner,Чехия,Круг,Да,Lager,Pilsner,,,,,,,
604,Пиво,Velvet,Lager,Чехия,Круг,Да,Lager,Pilsner,,,,,,,
605,Пиво,Extra chmelená,Lager,Чехия,Круг,Да,Lager,Pilsner,,,,,,,
606,Пиво,Budweiser Budvar,Pilsner,Чехия,Круг,Да,Lager,Pilsner,,,,,,,
607,Пиво,Budweiser Budvar,Pilsner,Чехия,Круг,Да,Lager,Pilsner,,,,,,,
608,Пиво,Budweiser Budvar,Pilsner,Чехия,Круг,Да,Lager,Pilsner,,,,,,,
609,Заведение,birdekel.ru,Типография,Россия,Круг,Да,-,,,,,,,,
610,Заведение,Krušovice,Пивоварня,Чехия,Круг,Да,-,,,,,,,,
611,Заведение,Krušovice,Пивоварня,Чехия,Круг,Да,-,,,,,,,,
612,Заведение,Krušovice,Пивоварня,Чехия,Круг,Да,-,,,,,,,,
613,Пиво,Únětické Pivo 12°,Pilsner,Чехия,Круг,Да,Lager,Pilsner,,,,,,,
614,Заведение,Pivovar U Fleků,Ресторан-пивоварня,Чехия,Круг,Да,-,,,,,,,,
615,Пиво,Gouyasse Blonde,Pale Ale,Бельгия,Квадрат,Да,Ale,Pale Ale,,,,,,,
616,Пиво,Guinness,Stout,Ирландия,Квадрат,Да,Ale,Stout,,,,,,,
617,Пиво,Edelweiss,Weissbier,Австрия,Квадрат,Да,Ale,German Ale,Weissbier,,,,,,
618,Пиво,Rosé Max,Fruit,Бельгия,Квадрат,Нет,Ale,Lambic,Fruit,,,,,,
619,Заведение,Žatecký pivovar,Пивоварня,Чехия,Другое,Да,-,,,,,,,,
620,Заведение,Lervig,Пивоварня,Норвегия,Квадрат,Да,-,,,,,,,,
621,Пиво,Steenbrugge,Много,Бельгия,Квадрат,Нет,-,,,,,,,,
622,Бурбон,Maker's Mark ,-,США,Другое,Нет,-,,,,,,,,
623,Заведение,Same Krafty - Multitap,Бар,Польша,Круг,Нет,-,,,,,,,,
624,Заведение,Коза Дереза,Паб,Россия,Круг,Нет,-,,,,,,,,
625,Заведение,Sierra Nevada,Пивоварня,США,Круг,Да,-,,,,,,,,
626,Заведение,Tapperiet Brus,Ресторан-пивоварня,Дания,Круг,Да,-,,,,,,,,
627,Заведение,Põhjala,Пивоварня,Эстония,Круг,Да,-,,,,,,,,
628,Заведение,Põhjala,Пивоварня,Эстония,Круг,Да,-,,,,,,,,
629,Заведение,AleBrowar,Пивоварня,Польша,Круг,Да,-,,,,,,,,
630,Заведение,Higsons,Ресторан-пивоварня,Англия,Круг,Да,-,,,,,,,,
631,Заведение,Hopping Brewsters ,Пивоварня,Финляндия,Круг,Да,-,,,,,,,,
632,Заведение,houseofbeer.fi,Магазин,Финляндия,Круг,Да,-,,,,,,,,
633,Заведение,Victory Art Brew,Пивоварня,Россия,Круг,Да,-,,,,,,,,
634,Заведение,take away,Бар,Россия,Круг,Нет,-,,,,,,,,
635,Заведение,Plan B brewery,Пивоварня,Россия,Круг,Нет,-,,,,,,,,
636,Заведение,Gentse Gruut Stadsbrouwerij,Пивоварня,Бельгия,Круг,Нет,-,,,,,,,,
637,Заведение,Wooden beard,Пивоварня,Россия,Круг,Нет,-,,,,,,,,
638,Заведение,Zagovor brewery,Пивоварня,Россия,Круг,Нет,-,,,,,,,,
639,Заведение,Раковский Бровар,Ресторан-пивоварня,Беларусь,Круг,Нет,-,,,,,,,,
640,Заведение,Йохохо,Пивоварня,Россия,Круг,Нет,-,,,,,,,,
641,Заведение,Joker,бар,Россия,Круг,Нет,-,,,,,,,,
642,Чай,-,-,Россия,Круг,Нет,-,,,,,,,,
643,Заведение,Salden's Brewery,Пивоварня,Россия,Круг,Нет,-,,,,,,,,
644,Пиво,Extra Virgin,Pale Ale,Россия,Круг,Нет,Ale,Pale Ale,,,,,,,
645,Пиво,Василеостровское,Lager,Россия,Круг,Нет,Lager,,,,,,,,
646,Лимонад,Perrier,Лимонад,Болгария,Круг,Да,-,,,,,,,,
647,Лимонад,Coca-Cola,Лимонад,Болгария,Круг,Да,-,,,,,,,,
648,Пиво,Stella Artois,Lager,Бельгия,Круг,Да,Lager,,,,,,,,
649,Пиво,Pushing The Limets,Witbier,Болгария,Круг,Да,Ale,Belgian/French Ale,Witbier,,,,,,
650,Заведение,Pivnaja karta,Бар,Россия,Круг,Да,-,,,,,,,,
651,Заведение,Brussels Beer Project,Пивоварня,Бельгия,Круг,Да,-,,,,,,,,
652,Заведение,Bombay Cafe,Кафе,Россия,Круг,Да,-,,,,,,,,
653,Пиво,Budweiser Budvar,Pilsner,Чехия,Круг,Да,Lager,Pilsner,,,,,,,
654,Заведение,Староместный пивовар,Ресторан,Беларусь,Круг,Да,-,,,,,,,,
655,Пиво,Budweiser Budvar,Pilsner,Чехия,Круг,Да,Lager,Pilsner,,,,,,,
656,Пиво,Pilsner Urquell,Pilsner,Чехия,Круг,Да,Lager,Pilsner,,,,,,,
657,Пиво,Mežpils,Amber,Латвия,Круг,Да,Lager,American lager,Amber,,,,,,
658,Заведение,Fraffiti,Кафе,Болгария,Шестигранник,Нет,-,,,,,,,,
659,Заведение,Brauhaus Riegele,Пивоварня,Германия,Овал,Да,-,,,,,,,,
660,Заведение,Svijany,Пивоварня,Чехия,Другое,Да,-,,,,,,,,
661,Заведение,Affligem Brouwerij,Пивоварня,Бельгия,Квадрат,Да,-,,,,,,,,
662,Заведение,Svijany,Пивоварня,Чехия,Квадрат,Да,-,,,,,,,,
663,Заведение,Pivovarský dům,Ресторан-пивоварня,Чехия,Квадрат,Да,-,,,,,,,,
664,Заведение,Privatbrauerei Hirt,Пивоварня,Австрия,Квадрат,Да,-,,,,,,,,
665,Заведение,Pivovar Klášter,Пивоварня,Чехия,Квадрат,Да,-,,,,,,,,
666,Пиво,Budweiser Budvar,Pilsner,Чехия,Квадрат,Да,-,,,,,,,,
667,Пиво,Leffe d'Été Zomerbier,Belgian Strong Golden Ale,Бельгия,Квадрат,Да,Ale,Belgian/French Ale,Belgian Pale Ale,Belgian Strong Golden Ale,,,,,
668,Пиво,Tongerlo Blond,Blonde Ale,Бельгия,Квадрат,Да,Ale,Pale Ale,American Pale Ale,Blonde Ale,,,,,
669,Пиво,Newcastle Brown Ale,Brown Ale,Англия,Квадрат,Да,Ale,Brown Ale,,,,,,,
670,Пиво,Cornet,Belgian Strong Golden Ale,Бельгия,Квадрат,Да,Ale,Belgian/French Ale,Belgian Pale Ale,Belgian Strong Golden Ale,,,,,
671,Пиво,Grimbergen ,Belgian Dubbel,Бельгия,Квадрат,Да,Ale,Belgian/French Ale,Belgian Dark Ale,Belgian Strong Dark Ale,Dubbel,,,,
672,Заведение,Užavas Alus,Пивоварня,Латвия,Квадрат,Да,-,,,,,,,,
673,Пиво,Staropramen,Pilsner,Чехия,Квадрат,Да,Lager,Pilsner,,,,,,,
674,Пиво,Val-Dieu,Много,Бельгия,Квадрат,Да,-,,,,,,,,
675,Пиво,Affligem Rouge,Fruit,Бельгия,Квадрат,Нет,Ale,Lambic,Fruit,,,,,,
676,Заведение,Pivovar Klášter,Пивоварня,Чехия,Квадрат,Нет,-,,,,,,,,
677,Заведение,Píwníca Rajców,Ресторан-пивоварня,Польша,Квадрат,Нет,-,,,,,,,,
678,Заведение,Пётр Петрович,Ресторан-пивоварня,Россия,Квадрат,Нет,-,,,,,,,,
679,Заведение,Пётр Петрович,Ресторан-пивоварня,Россия,Квадрат,Нет,-,,,,,,,,
680,Заведение,Пётр Петрович,Ресторан-пивоварня,Россия,Квадрат,Нет,-,,,,,,,,
681,Заведение,Selfmade Brewery,Пивоварня,Россия,Квадрат,Да,-,,,,,,,,
682,Заведение,Onyx,Кафе,Болгария,Ромб,Да,-,,,,,,,,
683,Пиво,Hoegaarden,Witbier,Бельгия,Шестигранник,Да,Ale,Belgian/French Ale,Witbier,,,,,,
684,Лимонад,Piebalgas Alus,Квас,Латвия,Овал,Да,-,,,,,,,,
685,Пиво,Punk IPA,India Pale Ale,Шотландия,Круг,Да,Ale,Pale Ale,India Pale Ale,,,,,,
686,Вода,Borjomi,Вода,Грузия,Круг,Да,-,,,,,,,,
687,Заведение,RULE taproom,Ресторан,Россия,Круг,Нет,-,,,,,,,,
688,Заведение,OHTA RILL BREWERY,Пивоварня,Россия,Другое,Да,-,,,,,,,,
689,Заведение,Rock’n’Beer ,Пивоварня,Россия,Круг,Нет,-,,,,,,,,
690,Заведение,Мирбир,Магазин,Россия,Квадрат,Да,-,,,,,,,,
691,Заведение,Alpenhaus,Ресторан-пивоварня,Россия,Овал,Да,-,,,,,,,,
692,Заведение,Мирбир,Магазин,Россия,Круг,Да,-,,,,,,,,
693,Пиво,Primátor Světlý,Pilsner,Чехия,Квадрат,Да,Lager,Pilsner,,,,,,,
694,Пиво,Жигули,Lager,Россия,Квадрат,Да,Lager,,,,,,,,
695,Заведение,Пена дней,Бар,Россия,Квадрат,Да,-,,,,,,,,
696,Пиво,Bloomin' Blonde,Blonde Ale,США,Квадрат,Да,Ale,Pale Ale,American Pale Ale,Blonde Ale,,,,,
697,Пиво,Budweiser Budvar,Pilsner,Чехия,Квадрат,Да,Lager,Pilsner,,,,,,,
698,Пиво,Barbãr Bok,Bock,Бельгия,Шестигранник,Да,Lager,German lager,Bock,,,,,,
699,Заведение,Timmermans,Пивоварня,Бельгия,Квадрат,Да,-,,,,,,,,
700,Заведение,Belhaven Brewery,Пивоварня,Шотландия,Квадрат,Да,-,,,,,,,,
701,Заведение,Dreher,Пивоварня,Венгрия,Другое,Да,-,,,,,,,,
702,Пиво,Hoegaarden,Witbier,Бельгия,Шестигранник,Да,Ale,Belgian/French Ale,Witbier,,,,,,
703,Пиво,Kozel ,Много,Чехия,Квадрат,Да,-,,,,,,,,
704,Пиво,Erdinger Urweisse,Hefeweizen,Германия,Круг,Да,Ale,German Ale,Weissbier,Hefeweizen,,,,,
705,Сидр,St. Anton,Cider,Россия,Другое,Да,-,,,,,,,,
706,Заведение,Pivovar Matuška,Пивоварня,Чехия,Другое,Нет,-,,,,,,,,
707,Пиво,Grimbergen ,Belgian Dubbel,Бельгия,Квадрат,Да,Ale,Belgian/French Ale,Belgian Dark Ale,Belgian Strong Dark Ale,Dubbel,,,,
708,Сидр,Gold,Cider,Англия,Квадрат,Да,-,,,,,,,,
709,Пиво,Pilsner Urquell,Pilsner,Чехия,Квадрат,Да,Lager,Pilsner,,,,,,,
710,Заведение,Августин,Ресторан-пивоварня,Россия,Ромб,Нет,-,,,,,,,,
711,Заведение,Dreher,Пивоварня,Венгрия,Квадрат,Да,-,,,,,,,,
712,Заведение,Stieglbrauerei zu Salzburg,Пивоварня,Австрия,Квадрат,Да,-,,,,,,,,
713,Заведение,Neked Csak Dezső,Ресторан,Венгрия,Квадрат,Да,-,,,,,,,,
714,Пиво,Gouden Carolus Tripel,Belgian Tripel,Бельгия,Квадрат,Да,Ale,Belgian/French Ale,Belgian Pale Ale,Belgian Strong Pale Ale,Tripel,,,,
715,Заведение,Sternen Grill,Ресторан,Швейцария,Квадрат,Да,-,,,,,,,,
716,Заведение,Sternen Grill,Ресторан,Швейцария,Квадрат,Да,-,,,,,,,,
717,Заведение,Sternen Grill,Ресторан,Швейцария,Квадрат,Да,-,,,,,,,,
718,Заведение,Sternen Grill,Ресторан,Швейцария,Квадрат,Да,-,,,,,,,,
719,Заведение,Sternen Grill,Ресторан,Швейцария,Квадрат,Да,-,,,,,,,,
720,Заведение,-,Кафе,Венгрия,Квадрат,Нет,-,,,,,,,,
721,Заведение,-,Кафе,Венгрия,Квадрат,Нет,-,,,,,,,,
722,Пиво,Palm,Pale Ale,Бельгия,Квадрат,Нет,Ale,Pale Ale,,,,,,,
723,Заведение,Redrum,Бар,Россия,Квадрат,Нет,-,,,,,,,,
724,Заведение,Redrum,Бар,Россия,Квадрат,Нет,-,,,,,,,,
725,Пиво,Bud,Lager,Россия,Квадрат,Да,Lager,,,,,,,,
726,Пиво,Dreher Pale Ale,Pale Ale,Венгрия,Квадрат,Да,Ale,Pale Ale,,,,,,,
727,Пиво,Budweiser Budvar,Pilsner,Чехия,Круг,Да,Lager,Pilsner,,,,,,,
728,Заведение,Pivovary Lobkowicz,Пивоварня,Чехия,Круг,Да,-,,,,,,,,
729,Заведение,Soproni Sörgyár ,Пивоварня,Венгрия,Круг,Да,-,,,,,,,,
730,Заведение,Beergeek,Бар-пивотека,Чехия,Круг,Да,-,,,,,,,,
731,Пиво,Kozel ,Много,Чехия,Круг,Да,-,,,,,,,,
732,Заведение,U Medvídků,Бар,Чехия,Круг,Да,-,,,,,,,,
733,Пиво,Staropramen,Pilsner,Чехия,Круг,Да,Lager,Pilsner,,,,,,,
734,Заведение,Волковская Пивоварня,Пивоварня,Россия,Круг,Нет,-,,,,,,,,
735,Заведение,Rock star cafe,Кафе,Россия,Круг,Да,-,,,,,,,,
736,Мероприятие,Tinkoff Stereoleto,Фестиваль,Россия,Круг,Нет,-,,,,,,,,
737,Заведение,Kantýna,Ресторан,Чехия,Круг,Да,-,,,,,,,,
738,Заведение,Żywiec,Пивоварня,Польша,Круг,Да,-,,,,,,,,
739,Заведение,birdekel.ru,Типография,Россия,Круг,Нет,-,,,,,,,,
740,Заведение,Ни в одном глазу,Бар,Россия,Круг,Нет,-,,,,,,,,
741,Пиво,Iron Woods,Stout,Россия,Круг,Нет,Ale,Stout,,,,,,,
742,Заведение,Żywiec,Пивоварня,Польша,Круг,Да,-,,,,,,,,
743,Пиво,Warka ,Lager,Польша,Круг,Да,Lager,,,,,,,,
744,Заведение,Gletcher Brewery ,Пивоварня,Россия,Круг,Нет,-,,,,,,,,
745,Пиво,Helles Hefeweizen,Hefeweizen,Германия,Круг,Да,Ale,German Ale,Weissbier,Hefeweizen,,,,,
746,Пиво,EKU 28,Doppelbock,Германия,Овал,Да,Lager,German lager,Bock,Doppelbock,,,,,
747,Пиво,König Ludwig Weissbier Hel,Hefeweizen,Германия,Овал,Да,Ale,German Ale,Weissbier,Hefeweizen,,,,,
748,Пиво,König Ludwig Dunkel,Munich dunkel,Германия,Овал,Да,Lager,German lager,Munich lager,Munich dunkel,,,,,
749,Заведение,Birrificio Angelo Poretti,Пивоварня,Италия,Круг,Да,-,,,,,,,,
750,Пиво,Menabrea ,Lager,Италия,Ромб,Да,Lager,,,,,,,,
751,Пиво,Krombacher,Pilsner,Германия,Квадрат,Да,Lager,Pilsner,,,,,,,
752,Заведение,Jaws Brewery,Пивоварня,Россия,Квадрат,Да,-,,,,,,,,
753,Заведение,Pivovar Sessler,Пивоварня,Словакия,Квадрат,Да,-,,,,,,,,
754,Пиво,Rodenbach Classic,Flanders Red Ale,Бельгия,Квадрат,Да,Ale,German Ale,Sour,Flanders Red Ale,,,,,
755,Пиво,Celebrator,Doppelbock,Германия,Круг,Да,Lager,German lager,Bock,Doppelbock,,,,,
756,Заведение,Oedipus Brewing,Пивоварня,Голландия,Круг,Да,-,,,,,,,,
757,Заведение,Crowbar,Бар,Россия,Круг,Нет,-,,,,,,,,
758,Заведение,Wooden beard,Пивоварня,Россия,Круг,Нет,-,,,,,,,,
759,Заведение,Brew Dog,Пивоварня,Англия,Другое,Да,-,,,,,,,,
760,Мероприятие,Big craft day,Фестиваль,Россия,Круг,Нет,-,,,,,,,,
761,Заведение,Eric the red,Паб,Россия,Круг,Нет,-,,,,,,,,
762,Пиво,VanderGhinste Roodbruin,Flanders Oud Bruin,Бельгия,Квадрат,Нет,Ale,German Ale,Sour,Flanders Oud Bruin,,,,,
763,Заведение,ПИВОТЕКА,Бар-бутик,Россия,Круг,Нет,-,,,,,,,,
764,Заведение,Le Pré aux Clercs,Кафе,Франция,Круг,Нет,-,,,,,,,,
765,Пиво,Vedett Extra Session IPA,India Pale Ale,Бельгия,Другое,Нет,Ale,Pale Ale,India Pale Ale,,,,,,
766,Заведение,OVERSIZE ,Пиццерия,Россия,Другое,Нет,-,,,,,,,,
767,Заведение,U Pivrnce,Ресторан,Чехия,Круг,Да,-,,,,,,,,
768,Заведение,Augustiner-Bräu München,Пивоварня,Германия,Круг,Да,-,,,,,,,,
769,Заведение,Privé ,Ресторан,Сингапур,Круг,Да,-,,,,,,,,
770,Пиво,KEO Light,Lager,Кипр,Круг,Да,Lager,,,,,,,,
771,Заведение,Brew division,Пивоварня,Россия,Круг,Нет,-,,,,,,,,
772,Заведение,Mookhomor,Пивоварня,Россия,Круг,Нет,-,,,,,,,,
773,Заведение,Long bar,Бар,Сингапур,Круг,Нет,-,,,,,,,,
774,Заведение,Breaking Bad,Бар-бутик,Россия,Круг,Нет,-,,,,,,,,
775,Заведение,Пиворама,Ресторан,Россия,Круг,Нет,-,,,,,,,,
776,Заведение,NINETEEN80,Бар,Сингапур,Квадрат,Нет,-,,,,,,,,
777,Заведение,Real Madrid,Футбольный клуб,Испания,Квадрат,Нет,-,,,,,,,,
778,Заведение,Volfas Engelman,Пивоварня,Литва,Квадрат,Да,-,,,,,,,,
779,Заведение,Right Hops,Бар-бутик,Россия,Квадрат,Нет,-,,,,,,,,
780,Пиво,Troubadour ,India Pale Ale,Бельгия,Квадрат,Нет,Ale,Pale Ale,India Pale Ale,,,,,,
781,Пиво,Old Empire IPA,India Pale Ale,Англия,Квадрат,Да,Ale,Pale Ale,India Pale Ale,,,,,,
782,Пиво,Old Empire IPA,Amber Ale,Англия,Квадрат,Да,Ale,Pale Ale,American Pale Ale,Amber Ale,,,,,
783,Пиво,Tuborg,Pilsner,Дания,Другое,Да,Lager,Pilsner,,,,,,,
784,Заведение,Švyturys,Пивоварня,Литва,Другое,Да,-,,,,,,,,
785,Пиво,Erdinger,Alcohol free,Германия,Другое,Да,Alcohol free,,,,,,,,
786,Заведение,Primátor,Пивоварня,Чехия,Другое,Да,-,,,,,,,,
787,Пиво,Brugse Zot,Belgian Blonde Ale,Бельгия,Квадрат,Нет,Ale,Belgian Blonde Ale,,,,,,,
788,Пиво,Bourgogne Des Flandres Brune/Bruin,Flanders Oud Bruin,Бельгия,Квадрат,Да,Ale,German Ale,Sour,Flanders Brown Ale/Oud Bruin,,,,,
789,Пиво,Carlsberg,Lager,Дания,Квадрат,Да,Lager,,,,,,,,
790,Заведение,Zubr,Пивоварня,Чехия,Квадрат,Да,-,,,,,,,,
791,Заведение,ХМЕЛЬ&ГРИЛЬ,Ресторан,Россия,Квадрат,Да,-,,,,,,,,
792,Пиво,Pabst Blue Ribbon,Lager,США,Квадрат,Да,Lager,,,,,,,,
793,Пиво,Oyster Stout,Stout,Англия,Квадрат,Да,Ale,Stout,,,,,,,
794,Пиво,Oyster Stout,Stout,Англия,Квадрат,Да,Ale,Stout,,,,,,,
795,Сидр,St. Anton,Cider,Россия,Квадрат,Да,-,,,,,,,,
796,Пиво,Kulmbacher Edelherb,Pilsner,Германия,Квадрат,Да,Lager,Pilsner,,,,,,,
797,Пиво,London Pride,English Bitter,Англия,Квадрат,Да,Ale,Pale Ale,English Pale Ale/Bitter,,,,,,
798,Пиво,London Pride,English Bitter,Англия,Квадрат,Да,Ale,Pale Ale,English Pale Ale/Bitter,,,,,,
799,Пиво,Jupiler,Lager,Бельгия,Квадрат,Да,Lager,,,,,,,,
800,Пиво,Maisel's Weisse,Hefeweizen,Германия,Квадрат,Да,Ale,German Ale,Weissbier,Hefeweizen,,,,,
801,Заведение,Beer Insiders,Дистрибьютор пива,Россия,Квадрат,Да,-,,,,,,,,
802,Организация,Pave,Защита от насилия,Сингапур,Квадрат,Да,-,,,,,,,,
803,Пиво,Hirter,Kellerbier,Австрия,Квадрат,Да,Lager,German lager,Kellerbier,,,,,,
804,Пиво,Delirium,Belgian Strong Pale Ale,Бельгия,Квадрат,Да,Ale,Belgian/French Ale,Belgian Pale Ale,Belgian Strong Pale Ale,,,,,
805,Заведение,Hubertus Bräu,Пивоварня,Австрия,Квадрат,Да,-,,,,,,,,
806,Заведение,Belhaven Brewery,Пивоварня,Шотландия,Квадрат,Да,-,,,,,,,,
807,Заведение,Belhaven Brewery,Пивоварня,Шотландия,Квадрат,Да,-,,,,,,,,
808,Заведение,Belhaven Brewery,Пивоварня,Шотландия,Квадрат,Да,-,,,,,,,,
809,Заведение,Salden's Brewery,Пивоварня,Россия,Квадрат,Нет,-,,,,,,,,
810,Пиво,Palm,Pale Ale,Бельгия,Ромб,Нет,Ale,Pale Ale,,,,,,,
811,Пиво,Quintine Blonde,Belgian Strong Golden Ale,Бельгия,Квадрат,Нет,Ale,Belgian/French Ale,Belgian Pale Ale,Belgian Strong Golden Ale,,,,,
812,пиво,-,Подставка,Китай,Другое,Да,-,,,,,,,,
813,Заведение,Pivovar Matuška,Пивоварня,Чехия,Другое,Нет,-,,,,,,,,
814,пиво,Cuvée de Noël,Winter Ale,Бельгия,Другое,Нет,Ale,Pale Ale,Strong Pale Ale,Winter Ale,,,,,
815,пиво,Bavaria,Pilsner,Голландия,Другое,Нет,Lager,Pilsner,,,,,,,
816,Пиво,Heineken,Lager,Голландия,Круг,Да,Lager,,,,,,,,
817,Пиво,Erdinger,Alcohol free,Германия,Другое,Да,Alcohol free,,,,,,,,
818,Пиво,Cuvée de Noël,Winter Ale,Бельгия,Другое,Нет,Ale,Pale Ale,Strong Pale Ale,Winter Ale,,,,,
819,Пиво,Benediktiner Weissbier,Hefeweizen,Германия,Другое,Да,Ale,German Ale,Weissbier,,,,,,
820,Заведение,Пинта,Пивотека,Россия,Круг,Да,-,,,,,,,,
821,Заведение,Бакунин,Пивоварня,Россия,Круг,Нет,-,,,,,,,,
822,Организация,МИР,Платежная система,Россия,Круг,Нет,-,,,,,,,,
823,Заведение,T Philosophy,Ресторан,Армения,Круг,Нет,-,,,,,,,,
824,Заведение,ЙОХОХО,Бар,Россия,Круг,Нет,-,,,,,,,,
825,Заведение,Wooden beard,Пивоварня,Россия,Круг,Нет,-,,,,,,,,
826,Организация,СКА,Хоккейный клуб,Россия,Круг,Нет,-,,,,,,,,
827,Заведение,GUSI,Пивоварня,Россия,Круг,Нет,-,,,,,,,,
828,Пиво,Ausweis,Hefeweizen,Россия,Круг,Нет,Ale,German Ale,Weissbier,,,,,,
829,Заведение,Oh! Mumbai,Ресторан,Россия,Круг,Нет,-,,,,,,,,
830,Заведение,Frank,Бар,Россия,Круг,Нет,-,,,,,,,,
831,Заведение,Torrefacto,Магазин,Россия,Круг,Нет,-,,,,,,,,
832,Чай,-,-,Китай,Круг,Нет,-,,,,,,,,
833,Заведение,Luminous,Бар,Россия,Круг,Нет,-,,,,,,,,
834,Пиво,Weihenstephaner Original,Helles,Германия,Круг,Да,Lager,German lager,Bock,Helles,,,,,
835,Пиво,Oasis Amber,Amber Ale,США,Круг,Да,Ale,Pale Ale,American Pale Ale,Amber Ale,,,,,
836,Пиво,La Trappe Tripel,Belgian Tripel,Голландия,Круг,Да,Ale,Belgian/French Ale,Belgian Pale Ale,Belgian Strong Pale Ale,Tripel,,,,
837,Пиво,O'Hara's Irish Craft Lager,Helles,Ирландия,Круг,Да,Lager,German lager,Bock,Helles,,,,,
838,Заведение,Blue Moon,Пивоварня,США,Круг,Да,-,,,,,,,,
839,Сидр,Bembel With Care Apfelwein Pur,Cider,Германия,Круг,Да,-,,,,,,,,
840,Заведение,Bombay Cafe,Кафе,Россия,Круг,Да,-,,,,,,,,
841,Заведение,Gorkovskaya Brewery,Пивоварня,Россия,Круг,Да,-,,,,,,,,
842,Заведение,Gentse Gruut Stadsbrouwerij,Пивоварня,Бельгия,Круг,Да,-,,,,,,,,
843,Заведение,Idyllwild Brewpub,Пивоварня,США,Круг,Да,-,,,,,,,,
844,Заведение,Timmermans,Пивоварня,Бельгия,Круг,Да,-,,,,,,,,
845,Заведение,lumencoffee,Ресторан,Армения,Круг,Нет,-,,,,,,,,
846,Заведение,N.riga's,Пивоварня,Россия,Круг,Да,-,,,,,,,,
847,Заведение,Фарш & Бочка,Ресторан,Россия,Круг,Да,-,,,,,,,,
848,Заведение,Brooklyn Brewery,Пивоварня,США,Круг,Да,-,,,,,,,,
849,Пиво,Andechser Hell,Helles,Германия,Круг,Да,Lager,German lager,Bock,Helles,,,,,
850,Пиво,Paulaner,Weissbier,Германия,Круг,Да,Ale,German Ale,Weissbier,,,,,,
851,Пиво,Guinness,Stout,Ирландия,Квадрат,Да,Ale,Stout,,,,,,,
852,Пиво,Budweiser Budvar,Pilsner,Чехия,Круг,Да,Lager,Pilsner,,,,,,,
853,Пиво,Celebrator,Doppelbock,Германия,Круг,Да,Lager,German lager,Bock,Doppelbock,,,,,
854,Заведение,Staatliches Hofbräuhaus München,Пивоварня,Германия,Круг,Да,-,,,,,,,,
855,Заведение,Grimbergen Abbey Brewery,Пивоварня,Бельгия,Круг,Да,-,,,,,,,,
856,Пиво,Kilkenny,Red Ale,Ирландия,Круг,Да,Ale,Irish Ale,Red Ale,,,,,,
857,Заведение,Schneider's Landbrauerei,Пивоварня,Германия,Круг,Да,-,,,,,,,,
858,Заведение,Stone Brewing,Пивоварня,США,Круг,Да,-,,,,,,,,
859,Пиво,Heineken,Lager,Голландия,Круг,Да,Lager,,,,,,,,